rank,finalWorth,category,personName,age,country,city,source,industries,countryOfCitizenship,organization,selfMade,status,gender,birthDate,lastName,firstName,title,date,state,residenceStateRegion,birthYear,birthMonth,birthDay,cpi_country,cpi_change_country,gdp_country,gross_tertiary_education_enrollment,gross_primary_education_enrollment_country,life_expectancy_country,tax_revenue_country_country,total_tax_rate_country,population_country,latitude_country,longitude_country
2.0,180000.0,Automotive,Elon Musk,51.0,United States,Austin,"Tesla, SpaceX",Automotive,United States,Tesla,True,D,M,6/28/1971 0:00,Musk,Elon,CEO,4/4/2023 5:01,Texas,South,1971.0,6.0,28.0,117.24,"7,5","$21,427,700,000,000 ",88.2,101.8,78.5,9.6,36.6,328239523.0,37.09024,-95.712891
3.0,114000.0,Technology,Jeff Bezos,59.0,United States,Medina,Amazon,Technology,United States,Amazon,True,D,M,1/12/1964 0:00,Bezos,Jeff,Chairman and Founder,4/4/2023 5:01,Washington,West,1964.0,1.0,12.0,117.24,"7,5","$21,427,700,000,000 ",88.2,101.8,78.5,9.6,36.6,328239523.0,37.09024,-95.712891
4.0,107000.0,Technology,Larry Ellison,78.0,United States,Lanai,Oracle,Technology,United States,Oracle,True,U,M,8/17/1944 0:00,Ellison,Larry,CTO and Founder,4/4/2023 5:01,Hawaii,West,1944.0,8.0,17.0,117.24,"7,5","$21,427,700,000,000 ",88.2,101.8,78.5,9.6,36.6,328239523.0,37.09024,-95.712891
5.0,106000.0,Finance & Investments,Warren Buffett,92.0,United States,Omaha,Berkshire Hathaway,Finance & Investments,United States,Berkshire Hathaway Inc. (Cl A),True,D,M,8/30/1930 0:00,Buffett,Warren,CEO,4/4/2023 5:01,Nebraska,Midwest,1930.0,8.0,30.0,117.24,"7,5","$21,427,700,000,000 ",88.2,101.8,78.5,9.6,36.6,328239523.0,37.09024,-95.712891
6.0,104000.0,Technology,Bill Gates,67.0,United States,Medina,Microsoft,Technology,United States,Bill & Melinda Gates Foundation,True,D,M,10/28/1955 0:00,Gates,Bill,Cochair,4/4/2023 5:01,Washington,West,1955.0,10.0,28.0,117.24,"7,5","$21,427,700,000,000 ",88.2,101.8,78.5,9.6,36.6,328239523.0,37.09024,-95.712891
7.0,94500.0,Media & Entertainment,Michael Bloomberg,81.0,United States,New York,Bloomberg LP,Media & Entertainment,United States,Bloomberg,True,U,M,2/14/1942 0:00,Bloomberg,Michael,CEO,4/4/2023 5:01,New York,Northeast,1942.0,2.0,14.0,117.24,"7,5","$21,427,700,000,000 ",88.2,101.8,78.5,9.6,36.6,328239523.0,37.09024,-95.712891
10.0,80700.0,Technology,Steve Ballmer,67.0,United States,Hunts Point,Microsoft,Technology,United States,Los Angeles Clippers,True,D,M,3/24/1956 0:00,Ballmer,Steve,Owner,4/4/2023 5:01,Washington,West,1956.0,3.0,24.0,117.24,"7,5","$21,427,700,000,000 ",88.2,101.8,78.5,9.6,36.6,328239523.0,37.09024,-95.712891
12.0,79200.0,Technology,Larry Page,50.0,United States,Palo Alto,Google,Technology,United States,Alphabet,True,D,M,3/26/1973 0:00,Page,Larry,Cofounder and board member,4/4/2023 5:01,California,West,1973.0,3.0,26.0,117.24,"7,5","$21,427,700,000,000 ",88.2,101.8,78.5,9.6,36.6,328239523.0,37.09024,-95.712891
14.0,76000.0,Technology,Sergey Brin,49.0,United States,Los Altos,Google,Technology,United States,Alphabet,True,D,M,8/21/1973 0:00,Brin,Sergey,Cofounder and board member,4/4/2023 5:01,California,West,1973.0,8.0,21.0,117.24,"7,5","$21,427,700,000,000 ",88.2,101.8,78.5,9.6,36.6,328239523.0,37.09024,-95.712891
16.0,64400.0,Technology,Mark Zuckerberg,38.0,United States,Palo Alto,Facebook,Technology,United States,Meta Platforms,True,D,M,5/14/1984 0:00,Zuckerberg,Mark,Cofounder,4/4/2023 5:01,California,West,1984.0,5.0,14.0,117.24,"7,5","$21,427,700,000,000 ",88.2,101.8,78.5,9.6,36.6,328239523.0,37.09024,-95.712891
17.0,59000.0,Diversified,Charles Koch & family,87.0,United States,Wichita,Koch Industries,Diversified,United States,"Koch Industries, Inc.",False,D,M,11/1/1935 0:00,Koch,Charles,Chairman and CEO,4/4/2023 5:01,Kansas,Midwest,1935.0,11.0,1.0,117.24,"7,5","$21,427,700,000,000 ",88.2,101.8,78.5,9.6,36.6,328239523.0,37.09024,-95.712891
19.0,58800.0,Fashion & Retail,Jim Walton,74.0,United States,Bentonville,Walmart,Fashion & Retail,United States,"Arvest Bank Group, Inc.",False,D,M,6/7/1948 0:00,Walton,Jim,Chairman and CEO,4/4/2023 5:01,Arkansas,South,1948.0,6.0,7.0,117.24,"7,5","$21,427,700,000,000 ",88.2,101.8,78.5,9.6,36.6,328239523.0,37.09024,-95.712891
20.0,57600.0,Fashion & Retail,Rob Walton & family,78.0,United States,Bentonville,Walmart,Fashion & Retail,United States,Walmart,False,D,M,10/27/1944 0:00,Walton,Rob,Director,4/4/2023 5:01,Arkansas,South,1944.0,10.0,27.0,117.24,"7,5","$21,427,700,000,000 ",88.2,101.8,78.5,9.6,36.6,328239523.0,37.09024,-95.712891
21.0,56700.0,Fashion & Retail,Alice Walton,73.0,United States,Fort Worth,Walmart,Fashion & Retail,United States,Crystal Bridges Museum of American Art,False,D,F,10/7/1949 0:00,Walton,Alice,Philanthropist,4/4/2023 5:01,Texas,South,1949.0,10.0,7.0,117.24,"7,5","$21,427,700,000,000 ",88.2,101.8,78.5,9.6,36.6,328239523.0,37.09024,-95.712891
23.0,50100.0,Technology,Michael Dell,58.0,United States,Austin,Dell Technologies,Technology,United States,Dell Inc.,True,D,M,2/23/1965 0:00,Dell,Michael,Chairman and CEO,4/4/2023 5:01,Texas,South,1965.0,2.0,23.0,117.24,"7,5","$21,427,700,000,000 ",88.2,101.8,78.5,9.6,36.6,328339523.0,37.09024,-95.712891
25.0,45100.0,Fashion & Retail,Phil Knight & family,85.0,United States,Hillsboro,Nike,Fashion & Retail,United States,Nike,True,D,M,2/24/1938 0:00,Knight,Phil,Chairman,4/4/2023 5:01,Oregon,West,1938.0,2.0,24.0,117.24,"7,5","$21,427,700,000,000 ",88.2,101.8,78.5,9.6,36.6,328239523.0,37.09024,-95.712891
35.0,35000.0,Finance & Investments,Ken Griffin,54.0,United States,Miami,Hedge funds,Finance & Investments,United States,Citadel LLC,True,U,M,10/15/1968 0:00,Griffin,Ken,Founder & CEO,4/4/2023 5:01,Florida,South,1968.0,10.0,15.0,117.24,"7,5","$21,427,700,000,000 ",88.2,101.8,78.5,9.6,36.6,328239523.0,37.09024,-95.712891
49.0,28100.0,Finance & Investments,Jim Simons,84.0,United States,East Setauket,Hedge funds,Finance & Investments,United States,Renaissance Technologies Corp.,True,D,M,4/25/1938 0:00,Simons,Jim,Founder,4/4/2023 5:01,New York,Northeast,1938.0,4.0,25.0,117.24,"7,5","$21,427,700,000,000 ",88.2,101.8,78.5,9.6,36.6,328239523.0,37.09024,-95.712891
50.0,27800.0,Finance & Investments,Stephen Schwarzman,76.0,United States,New York,Investments,Finance & Investments,United States,Blackstone Group,True,D,M,2/14/1947 0:00,Schwarzman,Stephen,Chairman and CEO,4/4/2023 5:01,New York,Northeast,1947.0,2.0,14.0,117.24,"7,5","$21,427,700,000,000 ",88.2,101.8,78.5,9.6,36.6,328239523.0,37.09024,-95.712891
72.0,21600.0,Finance & Investments,Abigail Johnson,61.0,United States,Milton,Fidelity,Finance & Investments,United States,Fidelity Investments,False,U,F,12/19/1961 0:00,Johnson,Abigail,CEO,4/4/2023 5:01,Massachusetts,Northeast,1961.0,12.0,19.0,117.24,"7,5","$21,427,700,000,000 ",88.2,101.8,78.5,9.6,36.6,328239523.0,37.09024,-95.712891
76.0,21100.0,Technology,Jensen Huang,60.0,United States,Los Altos,Semiconductors,Technology,United States,Nvidia,True,U,M,2/17/1963 0:00,Huang,Jensen,CEO & President,4/4/2023 5:01,California,West,1963.0,2.0,17.0,117.24,"7,5","$21,427,700,000,000 ",88.2,101.8,78.5,9.6,36.6,328239523.0,37.09024,-95.712891
77.0,21000.0,Fashion & Retail,Leonard Lauder,90.0,United States,New York,Estee Lauder,Fashion & Retail,United States,The Estée Lauder Companies,False,D,M,3/19/1933 0:00,Lauder,Leonard,Chairman Emeritus,4/4/2023 5:01,New York,Northeast,1933.0,3.0,19.0,117.24,"7,5","$21,427,700,000,000 ",88.2,101.8,78.5,9.6,36.6,328239523.0,37.09024,-95.712891
83.0,19100.0,Finance & Investments,Ray Dalio,73.0,United States,Greenwich,Hedge funds,Finance & Investments,United States,Bridgewater Associates,True,D,M,8/8/1949 0:00,Dalio,Ray,Founder & Co-Chief Investment Officer,4/4/2023 5:01,Connecticut,Northeast,1949.0,8.0,8.0,117.24,"7,5","$21,427,700,000,000 ",88.2,101.8,78.5,9.6,36.6,328239523.0,37.09024,-95.712891
89.0,18500.0,Energy,Harold Hamm & family,77.0,United States,Oklahoma City,Oil & gas,Energy,United States,Continental Resources Inc. ,True,U,M,12/11/1945 0:00,Hamm,Harold,Chairman and CEO,4/4/2023 5:01,Oklahoma,South,1945.0,12.0,11.0,117.24,"7,5","$21,427,700,000,000 ",88.2,101.8,78.5,9.6,36.6,328239523.0,37.09024,-95.712891
89.0,18500.0,Finance & Investments,David Tepper,65.0,United States,Palm Beach,Hedge funds,Finance & Investments,United States,Appaloosa Management,True,U,M,9/11/1957 0:00,Tepper,David,President and Founder,4/4/2023 5:01,Florida,South,1957.0,9.0,11.0,117.24,"7,5","$21,427,700,000,000 ",88.2,101.8,78.5,9.6,36.6,328239523.0,37.09024,-95.712891
94.0,17500.0,Finance & Investments,Steve Cohen,66.0,United States,Greenwich,Hedge funds,Finance & Investments,United States,Point72 Asset Management,True,U,M,6/11/1956 0:00,Cohen,Steve,Founder,4/4/2023 5:01,Connecticut,Northeast,1956.0,6.0,11.0,117.24,"7,5","$21,427,700,000,000 ",88.2,101.8,78.5,9.6,36.6,328239523.0,37.09024,-95.712891
94.0,17500.0,Finance & Investments,Carl Icahn,87.0,United States,Indian Creek,Investments,Finance & Investments,United States,Icahn Capital Management,True,U,M,2/16/1936 0:00,Icahn,Carl,Founder,4/4/2023 5:01,Florida,South,1936.0,2.0,16.0,117.24,"7,5","$21,427,700,000,000 ",88.2,101.8,78.5,9.6,36.6,328239523.0,37.09024,-95.712891
97.0,17400.0,Real Estate,Donald Bren,90.0,United States,Newport Beach,Real estate,Real Estate,United States,Irvine Company,True,U,M,5/11/1932 0:00,Bren,Donald,Chairman,4/4/2023 5:01,California,West,1932.0,5.0,11.0,117.24,"7,5","$21,427,700,000,000 ",88.2,101.8,78.5,9.6,36.6,328239523.0,37.09024,-95.712891
97.0,17400.0,Fashion & Retail,"John Menard, Jr.",83.0,United States,Eau Claire,Home improvement stores,Fashion & Retail,United States,"Menard, Inc.",True,U,M,1/22/1940 0:00,Menard,John,Founder,4/4/2023 5:01,Wisconsin,Midwest,1940.0,1.0,22.0,117.24,"7,5","$21,427,700,000,000 ",88.2,101.8,78.5,9.6,36.6,328239523.0,37.09024,-95.712891
99.0,17100.0,Media & Entertainment,Rupert Murdoch & family,92.0,United States,New York,"Newspapers, TV network",Media & Entertainment,United States,News Corp Class A,False,D,M,3/11/1931 0:00,Murdoch,Rupert,Chairman and CEO,4/4/2023 5:01,New York,Northeast,1931.0,3.0,11.0,117.24,"7,5","$21,427,700,000,000 ",88.2,101.8,78.5,9.6,36.6,328239523.0,37.09024,-95.712891
113.0,15500.0,Technology,Robert Pera,45.0,United States,San Jose,Wireless networking,Technology,United States,Ubiquiti,True,U,M,3/10/1978 0:00,Pera,Robert,Chief Executive Officer,4/4/2023 5:01,California,West,1978.0,3.0,10.0,117.24,"7,5","$21,427,700,000,000 ",88.2,101.8,78.5,9.6,36.6,328239523.0,37.09024,-95.712891
116.0,14900.0,Fashion & Retail,David Green & family,81.0,United States,Oklahoma City,Retail,Fashion & Retail,United States,Hobby Lobby,True,U,M,11/13/1941 0:00,Green,David,CEO,4/4/2023 5:01,Oklahoma,South,1941.0,11.0,13.0,117.24,"7,5","$21,427,700,000,000 ",88.2,101.8,78.5,9.6,36.6,328239523.0,37.09024,-95.712891
130.0,13700.0,Construction & Engineering,Diane Hendricks,76.0,United States,Afton,Building supplies,Construction & Enginering,United States,ABC Supply,True,U,F,3/2/1947 0:00,Hendricks,Diane,Cofounder,4/4/2023 5:01,Wisconsin,Midwest,1947.0,3.0,2.0,117.24,"7,5","$21,427,700,000,000 ",88.2,101.8,78.5,9.6,36.6,328239523.0,37.09024,-95.712891
130.0,13700.0,Technology,Jan Koum,47.0,United States,Atherton,WhatsApp,Technology,United States,WhatsApp Inc.,True,U,M,2/24/1976 0:00,Koum,Jan,"CEO, cofounder",4/4/2023 5:01,California,West,1976.0,2.0,24.0,117.24,"7,5","$21,427,700,000,000 ",88.2,101.8,78.5,9.6,36.6,328239523.0,37.09024,-95.712891
133.0,13300.0,Sports,Jerry Jones,80.0,United States,Dallas,Dallas Cowboys,Sports,United States,Dallas Cowboys,True,U,M,10/13/1942 0:00,Jones,Jerry,President and General Manager,4/4/2023 5:01,Texas,South,1942.0,10.0,13.0,117.24,"7,5","$21,427,700,000,000 ",88.2,101.8,78.5,9.6,36.6,328239523.0,37.09024,-95.712891
133.0,13300.0,Energy,George Kaiser,80.0,United States,Tulsa,"Oil & gas, banking",Energy,United States,BOK Financial Corp.,False,U,M,7/29/1942 0:00,Kaiser,George,Chairman,4/4/2023 5:01,Oklahoma,South,1942.0,7.0,29.0,117.24,"7,5","$21,427,700,000,000 ",88.2,101.8,78.5,9.6,36.6,328239523.0,37.09024,-95.712891
145.0,12000.0,Technology,Laurene Powell Jobs & family,59.0,United States,Palo Alto,"Apple, Disney",Technology,United States,Emerson Collective,False,D,F,11/6/1963 0:00,Powell Jobs,Laurene,"Investor, Philanthropist",4/4/2023 5:01,California,West,1963.0,11.0,6.0,117.24,"7,5","$21,427,700,000,000 ",88.2,101.8,78.5,9.6,36.6,328239523.0,37.09024,-95.712891
151.0,11400.0,Fashion & Retail,Michael Rubin,50.0,United States,Bryn Mawr,Online retail,Fashion & Retail,United States,Kynetic,True,U,M,7/21/1972 0:00,Rubin,Michael,CEO,4/4/2023 5:01,Pennsylvania,Northeast,1972.0,7.0,21.0,117.24,"7,5","$21,427,700,000,000 ",88.2,101.8,78.5,9.6,36.6,328239523.0,37.09024,-95.712891
153.0,11300.0,Finance & Investments,Israel Englander,74.0,United States,New York,Hedge funds,Finance & Investments,United States,"Millennium Management, L.L.C.",True,D,M,9/30/1948 0:00,Englander,Israel,Founder,4/4/2023 5:01,New York,Northeast,1948.0,9.0,30.0,117.24,"7,5","$21,427,700,000,000 ",88.2,101.8,78.5,9.6,36.6,328239523.0,37.09024,-95.712891
161.0,10900.0,Fashion & Retail,Judy Love & family,85.0,United States,Oklahoma City,Gas stations,Fashion & Retail,United States,Love's Travel Stops and Country Stores,True,U,F,6/17/1937 0:00,Love,Judy,Chairman and CEO,4/4/2023 5:01,Oklahoma,South,1937.0,6.0,17.0,117.24,"7,5","$21,427,700,000,000 ",88.2,101.8,78.5,9.6,36.6,328239523.0,37.09024,-95.712891
165.0,10600.0,Sports,Robert Kraft,81.0,United States,Brookline,"Manufacturing, New England Patriots",Sports,United States,The Kraft Group,True,U,M,6/5/1941 0:00,Kraft,Robert,Chairman & CEO,4/4/2023 5:01,Massachusetts,Northeast,1941.0,6.0,5.0,117.24,"7,5","$21,427,700,000,000 ",88.2,101.8,78.5,9.6,36.6,328239523.0,37.09024,-95.712891
171.0,10200.0,Technology,David Duffield,82.0,United States,Incline Village,Business software,Technology,United States,Workday,True,D,M,9/21/1940 0:00,Duffield,David,Chairman and Cofounder,4/4/2023 5:01,Nevada,West,1940.0,9.0,21.0,117.24,"7,5","$21,427,700,000,000 ",88.2,101.8,78.5,9.6,36.6,328239523.0,37.09024,-95.712891
195.0,9600.0,Technology,Rick Cohen & family,70.0,United States,Keene,Warehouse automation,Technology,United States,C&S Wholesale Grocers,False,N,M,7/25/1952 0:00,Cohen,Rick,Entrepreneur,4/4/2023 5:01,New Hampshire,Northeast,1952.0,7.0,25.0,117.24,"7,5","$21,427,700,000,000 ",88.2,101.8,78.5,9.6,36.6,328239523.0,37.09024,-95.712891
206.0,9300.0,Technology,Brian Chesky,41.0,United States,San Francisco,Airbnb,Technology,United States,"Airbnb, Inc.",True,D,M,8/29/1981 0:00,Chesky,Brian,CEO and Cofounder,4/4/2023 5:01,California,West,1981.0,8.0,29.0,117.24,"7,5","$21,427,700,000,000 ",88.2,101.8,78.5,9.6,36.6,328239523.0,37.09024,-95.712891
208.0,9200.0,Finance & Investments,Charles Schwab,85.0,United States,Woodside,Discount brokerage,Finance & Investments,United States,Charles Schwab Corp.,True,D,M,7/29/1937 0:00,Schwab,Charles,Investor,4/4/2023 5:01,California,West,1937.0,7.0,29.0,117.24,"7,5","$21,427,700,000,000 ",88.2,101.8,78.5,9.6,36.6,328239523.0,37.09024,-95.712891
215.0,9000.0,Technology,David Cheriton,72.0,United States,Palo Alto,Google,Technology,Canada,Stanford University,True,D,M,3/29/1951 0:00,Cheriton,David,Professor,4/4/2023 5:01,California,West,1951.0,3.0,29.0,117.24,"7,5","$21,427,700,000,000 ",88.2,101.8,78.5,9.6,36.6,328239523.0,37.09024,-95.712891
223.0,8800.0,Technology,John Doerr,71.0,United States,Woodside,Venture capital,Technology,United States,Kleiner Perkins,True,D,M,6/29/1951 0:00,Doerr,John,Investor,4/4/2023 5:01,California,West,1951.0,6.0,29.0,117.24,"7,5","$21,427,700,000,000 ",88.2,101.8,78.5,9.6,36.6,328239523.0,37.09024,-95.712891
223.0,8800.0,Тechnology,Dustin Moskovitz,38.0,United States,San Francisco,Facebook,Technology,United States,Asana,True,D,M,5/22/1984 0:00,Moskovitz,Dustin,Cofounder,4/4/2023 5:01,California,West,1984.0,5.0,22.0,117.24,"7,5","$21,427,700,000,000 ",88.2,101.8,78.5,9.6,36.6,328239523.0,37.09024,-95.712891
223.0,8800.0,Technology,Pierre Omidyar,55.0,United States,Honolulu,"EBay, PayPal",Technology,United States,eBay,True,D,M,6/21/1967 0:00,Omidyar,Pierre,Founder,4/4/2023 5:01,Hawaii,West,1967.0,6.0,21.0,117.24,"7,5","$21,427,700,000,000 ",88.2,101.8,78.5,9.6,36.6,328239523.0,37.09024,-95.712891
232.0,8600.0,Technology,Andreas von Bechtolsheim & family,67.0,United States,Palo Alto,Google,Technology,Germany,Arista Networks,True,D,M,9/30/1955 0:00,von Bechtolsheim,Andreas,"Cofounder, Chief Development Officer and Chairman",4/4/2023 5:01,California,West,1955.0,9.0,30.0,117.24,"7,5","$21,427,700,000,000 ",88.2,101.8,78.5,9.6,36.6,328239523.0,37.09024,-95.712891
239.0,8500.0,Finance & Investments,"Chase Coleman, III.",47.0,United States,New York,Investments,Finance & Investments,United States,Tiger Global Management,True,D,M,6/21/1975 0:00,Coleman,Chase,Investor,4/4/2023 5:01,New York,Northeast,1975.0,6.0,21.0,117.24,"7,5","$21,427,700,000,000 ",88.2,101.8,78.5,9.6,36.6,328239523.0,37.09024,-95.712891
242.0,8400.0,Media & Entertainment,Jim Kennedy,75.0,United States,Atlanta,"Media, automotive",Media & Entertainment,United States,Cox Enterprises,False,U,M,11/29/1947 0:00,Kennedy,Jim,Chairman Emeritus,4/4/2023 5:01,Georgia,South,1947.0,11.0,29.0,117.24,"7,5","$21,427,700,000,000 ",88.2,101.8,78.5,9.6,36.6,328239523.0,37.09024,-95.712891
256.0,8100.0,Food & Beverage,Tilman Fertitta,65.0,United States,Houston,"Houston Rockets, entertainment",Food & Beverage,United States,Landry's Inc,True,U,M,6/25/1957 0:00,Fertitta,Tilman,Chairman and CEO,4/4/2023 5:01,Texas,South,1957.0,6.0,25.0,117.24,"7,5","$21,427,700,000,000 ",88.2,101.8,78.5,9.6,36.6,328239523.0,37.09024,-95.712891
261.0,8000.0,Fashion & Retail,Bernard Marcus,93.0,United States,Atlanta,Home Depot,Fashion & Retail,United States,Home Depot,True,D,M,5/12/1929 0:00,Marcus,Bernard,"Co-founder, ex chairman of the board",4/4/2023 5:01,Georgia,South,1929.0,5.0,12.0,117.24,"7,5","$21,427,700,000,000 ",88.2,101.8,78.5,9.6,36.6,328239523.0,37.09024,-95.712891
261.0,8000.0,Finance & Investments,Patrick Ryan,85.0,United States,Winnetka,Insurance,Finance & Investments,United States,Ryan Specialty Group,True,E,M,5/15/1937 0:00,Ryan,Patrick,Chairman and CEO,4/4/2023 5:01,Illinois,Midwest,1937.0,5.0,15.0,117.24,"7,5","$21,427,700,000,000 ",88.2,101.8,78.5,9.6,36.6,328339523.0,37.09024,-95.712891
268.0,7900.0,Finance & Investments,David Shaw,72.0,United States,New York,Hedge funds,Finance & Investments,United States,"D. E. Shaw & Co., L.P.",True,U,M,3/29/1951 0:00,Shaw,David,Founder,4/4/2023 5:01,New York,Northeast,1951.0,3.0,29.0,117.24,"7,5","$21,427,700,000,000 ",88.2,101.8,78.5,9.6,36.6,328239523.0,37.09024,-95.712891
282.0,7700.0,Media & Entertainment,David Geffen,80.0,United States,Beverly Hills,"Movies, record labels",Media & Entertainment,United States,DreamWorks Animation SKG Inc. (Cl A),True,D,M,2/21/1943 0:00,Geffen,David,Cofounder,4/4/2023 5:01,California,West,1943.0,2.0,21.0,117.24,"7,5","$21,427,700,000,000 ",88.2,101.8,78.5,9.6,36.6,328239523.0,37.09024,-95.712891
282.0,7700.0,Technology,Henry Samueli,68.0,United States,Newport Beach,Semiconductors,Technology,United States,Broadcom,True,U,M,9/20/1954 0:00,Samueli,Henry,"Cofounder, Chief Technology Officer and Chairman",4/4/2023 5:01,California,West,1954.0,9.0,20.0,117.24,"7,5","$21,427,700,000,000 ",88.2,101.8,78.5,9.6,36.6,328239523.0,37.09024,-95.712891
290.0,7600.0,Тechnology,Joe Gebbia,41.0,United States,Austin,Airbnb,Technology,United States,"Airbnb, Inc.",True,D,M,8/21/1981 0:00,Gebbia,Joe,Cofounder & Chair of Airbnb.org,4/4/2023 5:01,Texas,South,1981.0,8.0,21.0,117.24,"7,5","$21,427,700,000,000 ",88.2,101.8,78.5,9.6,36.6,328239523.0,37.09024,-95.712891
290.0,7600.0,Real Estate,Leonard Stern,85.0,United States,New York,Real estate,Real Estate,United States,"Hartz Mountain Industries, Inc.",False,U,M,3/28/1938 0:00,Stern,Leonard,Chairman and CEO,4/4/2023 5:01,New York,Northeast,1938.0,3.0,28.0,117.24,"7,5","$21,427,700,000,000 ",88.2,101.8,78.5,9.6,36.6,328239523.0,37.09024,-95.712891
299.0,7500.0,Sports,Arthur Blank,80.0,United States,Atlanta,Home Depot,Sports,United States,Atlanta Falcons,True,U,M,9/27/1942 0:00,Blank,Arthur,Chairman,4/4/2023 5:01,Georgia,South,1942.0,9.0,27.0,117.24,"7,5","$21,427,700,000,000 ",88.2,101.8,78.5,9.6,36.6,328239523.0,37.09024,-95.712891
299.0,7500.0,Finance & Investments,"Paul Tudor Jones, II.",68.0,United States,Palm Beach,Hedge funds,Finance & Investments,United States,Tudor Investment Corporation,True,U,M,9/28/1954 0:00,Jones,Paul Tudor,Founder,4/4/2023 5:01,Florida,South,1954.0,9.0,28.0,117.24,"7,5","$21,427,700,000,000 ",88.2,101.8,78.5,9.6,36.6,328239523.0,37.09024,-95.712891
299.0,7500.0,Finance & Investments,Henry Kravis,79.0,United States,New York,Private equity,Finance & Investments,United States,KKR & Co.,True,D,M,1/6/1944 0:00,Kravis,Henry,Co-Chair and Co-CEO,4/4/2023 5:01,New York,Northeast,1944.0,1.0,6.0,117.24,"7,5","$21,427,700,000,000 ",88.2,101.8,78.5,9.6,36.6,328239523.0,37.09024,-95.712891
305.0,7400.0,Technology,James Goodnight,80.0,United States,Cary,Software,Technology,United States,SAS Institute,True,U,M,1/6/1943 4:00,Goodnight,James,CEO,4/4/2023 9:01,North Carolina,South,1943.0,1.0,6.0,117.24,"7,5","$21,427,700,000,000 ",88.2,101.8,78.5,9.6,36.6,328239523.0,37.09024,-95.712891
305.0,7400.0,Manufacturing,Steven Rales,72.0,United States,Santa Barbara,"Manufacturing, investments",Manufacturing,United States,Danaher,True,D,M,3/31/1951 0:00,Rales,Steven,Investor,4/4/2023 5:01,California,West,1951.0,3.0,31.0,117.24,"7,5","$21,427,700,000,000 ",88.2,101.8,78.5,9.6,36.6,328239523.0,37.09024,-95.712891
317.0,7200.0,Finance & Investments,Don Hankey,79.0,United States,Malibu,Auto loans,Finance & Investments,United States,Hankey Group,True,U,M,6/13/1943 0:00,Hankey,Don,Chairman,4/4/2023 5:01,California,West,1943.0,6.0,13.0,117.24,"7,5","$21,427,700,000,000 ",88.2,101.8,78.5,9.6,36.6,328239523.0,37.09024,-95.712891
317.0,7200.0,Energy,Richard Kinder,78.0,United States,Houston,Pipelines,Energy,United States,Kinder Morgan Inc,True,D,M,10/19/1944 0:00,Kinder,Richard,Chairman and CEO,4/4/2023 5:01,Texas,South,1944.0,10.0,19.0,117.24,"7,5","$21,427,700,000,000 ",88.2,101.8,78.5,9.6,36.6,328239523.0,37.09024,-95.712891
325.0,7100.0,Technology,Judy Faulkner,79.0,United States,Madison,Healthcare software,Technology,United States,Epic Systems,True,U,F,8/1/1943 0:00,Faulkner,Judy,Founder and CEO,4/4/2023 5:01,Wisconsin,Midwest,1943.0,8.0,1.0,117.24,"7,5","$21,427,700,000,000 ",88.2,101.8,78.5,9.6,36.6,328239523.0,37.09024,-95.712891
332.0,7000.0,Technology,Marc Benioff,58.0,United States,San Francisco,Business software,Technology,United States,Salesforce.com,True,D,M,9/25/1964 0:00,Benioff,Marc,Chairman and CEO,4/4/2023 5:01,California,West,1964.0,9.0,25.0,117.24,"7,5","$21,427,700,000,000 ",88.2,101.8,78.5,9.6,36.6,328239523.0,37.09024,-95.712891
332.0,7000.0,Fashion & Retail,Ralph Lauren,83.0,United States,New York,Apparel,Fashion & Retail,United States,Ralph Lauren,True,U,M,10/14/1939 0:00,Lauren,Ralph,Chairman ,4/4/2023 5:01,New York,Northeast,1939.0,10.0,14.0,117.24,"7,5","$21,427,700,000,000 ",88.2,101.8,78.5,9.6,36.6,328239523.0,37.09024,-95.712891
332.0,7000.0,Food & Beverage,J. Christopher Reyes,69.0,United States,Hobe Sound,Food distribution,Food & Beverage,United States,"Reyes Holdings, LLC",True,D,M,12/29/1953 0:00,Reyes,J. Christopher,Co-Chairman,4/4/2023 5:01,Florida,South,1953.0,12.0,29.0,117.24,"7,5","$21,427,700,000,000 ",88.2,101.8,78.5,9.6,36.6,328239523.0,37.09024,-95.712891
332.0,7000.0,Food & Beverage,Jude Reyes,67.0,United States,Palm Beach,Food distribution,Food & Beverage,United States,"Reyes Holdings, LLC",True,D,M,9/16/1955 0:00,Reyes,Jude,Co-Chairman,4/4/2023 5:01,Florida,South,1955.0,9.0,16.0,117.24,"7,5","$21,427,700,000,000 ",88.2,101.8,78.5,9.6,36.6,328239523.0,37.09024,-95.712891
344.0,6900.0,Finance & Investments,Philippe Laffont,55.0,United States,New York,Hedge fund,Finance & Investments,United States,Coatue Management,True,U,M,9/16/1967 0:00,Laffont,Philippe,Founder,4/4/2023 5:01,New York,Northeast,1967.0,9.0,16.0,117.24,"7,5","$21,427,700,000,000 ",88.2,101.8,78.5,9.6,36.6,328239523.0,37.09024,-95.712891
352.0,6800.0,Finance & Investments,Yuri Milner,61.0,United States,Los Altos,Tech investments,Finance & Investments,Israel,DST Global,True,D,M,11/11/1961 0:00,Milner,Yuri,Investor,4/4/2023 5:01,California,West,1961.0,11.0,11.0,117.24,"7,5","$21,427,700,000,000 ",88.2,101.8,78.5,9.6,36.6,328239523.0,37.09024,-95.712891
352.0,6800.0,Finance & Investments,John Overdeck,53.0,United States,Millburn,Hedge funds,Finance & Investments,United States,Two Sigma,True,U,M,12/21/1969 0:00,Overdeck,John,Investor,4/4/2023 5:01,New Jersey,Northeast,1969.0,12.0,21.0,117.24,"7,5","$21,427,700,000,000 ",88.2,101.8,78.5,9.6,36.6,328239523.0,37.09024,-95.712891
352.0,6800.0,Finance & Investments,David Siegel,61.0,United States,Scarsdale,Hedge funds,Finance & Investments,United States,Two Sigma,True,U,M,7/15/1961 0:00,Siegel,David,Investor,4/4/2023 5:01,New York,Northeast,1961.0,7.0,15.0,117.24,"7,5","$21,427,700,000,000 ",88.2,101.8,78.5,9.6,36.6,328239523.0,37.09024,-95.712891
352.0,6800.0,Energy,Randa Duncan Williams,61.0,United States,Houston,Pipelines,Energy,United States,Enterprise GP Holdings,False,U,F,8/28/1961 0:00,Williams,Randa Duncan,Non-Executive Chairman of the Board,4/4/2023 5:01,Texas,South,1961.0,8.0,28.0,117.24,"7,5","$21,427,700,000,000 ",88.2,101.8,78.5,9.6,36.6,328239523.0,37.09024,-95.712891
365.0,6700.0,Energy,Terrence Pegula ,72.0,United States,Boca Raton,Natural gas,Energy,United States,Buffalo Sabres,True,U,M,3/27/1951 0:00,Pegula,Terrence,Owner,4/4/2023 5:01,Florida,South,1951.0,3.0,27.0,117.24,"7,5","$21,427,700,000,000 ",88.2,101.8,78.5,9.6,36.6,328239523.0,37.09024,-95.712891
365.0,6700.0,Real Estate,"Edward Roski, Jr.",84.0,United States,Los Angeles,Real estate,Real Estate,United States,"Majestic Realty, Co.",False,U,M,12/25/1938 0:00,Roski,Edward,President and Chairman,4/4/2023 5:01,California,West,1938.0,12.0,25.0,117.24,"7,5","$21,427,700,000,000 ",88.2,101.8,78.5,9.6,36.6,328239523.0,37.09024,-95.712891
365.0,6700.0,Real Estate,John A. Sobrato & family,83.0,United States,Atherton,Real estate,Real Estate,United States,Sobrato Development Cos.,True,U,M,5/23/1939 0:00,Sobrato,John A.,Founder and Chairman,4/4/2023 5:01,California,West,1939.0,5.0,23.0,117.24,"7,5","$21,427,700,000,000 ",88.2,101.8,78.5,9.6,36.6,328239523.0,37.09024,-95.712891
365.0,6700.0,Finance & Investments,George Soros,92.0,United States,Katonah,Hedge funds,Finance & Investments,United States,Soros Fund Management LLC,True,D,M,8/12/1930 0:00,Soros,George,Founder,4/4/2023 5:01,New York,Northeast,1930.0,8.0,12.0,117.24,"7,5","$21,427,700,000,000 ",88.2,101.8,78.5,9.6,36.6,328239523.0,37.09024,-95.712891
365.0,6700.0,Technology,David Sun,71.0,United States,Irvine,Computer hardware,Technology,United States,Kingston Technology Corporation,True,U,M,10/12/1951 0:00,Sun,David,COO,4/4/2023 5:01,California,West,1951.0,10.0,12.0,117.24,"7,5","$21,427,700,000,000 ",88.2,101.8,78.5,9.6,36.6,328239523.0,37.09024,-95.712891
365.0,6700.0,Technology,John Tu,81.0,United States,Rolling Hills,Computer hardware,Technology,United States,Kingston Technology Corporation,True,U,M,8/12/1941 0:00,Tu,John,President,4/4/2023 5:01,California,West,1941.0,8.0,12.0,117.24,"7,5","$21,427,700,000,000 ",88.2,101.8,78.5,9.6,36.6,328239523.0,37.09024,-95.712891
383.0,6600.0,Finance & Investments,Bruce Kovner,78.0,United States,New York,Hedge funds,Finance & Investments,United States,Caxton Associates LP,True,U,M,2/25/1945 0:00,Kovner,Bruce,Founder,4/4/2023 5:01,New York,Northeast,1945.0,2.0,25.0,117.24,"7,5","$21,427,700,000,000 ",88.2,101.8,78.5,9.6,36.6,328239523.0,37.09024,-95.712891
383.0,6600.0,Technology,"Henry Nicholas, III.",63.0,United States,Newport Coast,Semiconductors,Technology,United States,Broadcom,True,U,M,10/8/1959 0:00,Nicholas,Henry,Cofounder,4/4/2023 5:01,California,West,1959.0,10.0,8.0,117.24,"7,5","$21,427,700,000,000 ",88.2,101.8,78.5,9.6,36.6,328239523.0,37.09024,-95.712891
390.0,6500.0,Technology,Melinda French Gates,58.0,United States,Medina,Microsoft,Technology,United States,Bill & Melinda Gates Foundation,False,U,F,8/15/1964 0:00,French Gates,Melinda,Cochair,4/4/2023 5:01,Washington,West,1964.0,8.0,15.0,117.24,"7,5","$21,427,700,000,000 ",88.2,101.8,78.5,9.6,36.6,328239523.0,37.09024,-95.712891
397.0,6400.0,Sports,Stephen Bisciotti,62.0,United States,Hobe Sound,"Staffing, Baltimore Ravens",Sports,United States,Baltimore Ravens,True,U,M,4/10/1960 0:00,Bisciotti,Stephen,Owner,4/4/2023 5:01,Florida,South,1960.0,4.0,10.0,117.24,"7,5","$21,427,700,000,000 ",88.2,101.8,78.5,9.6,36.6,328239523.0,37.09024,-95.712891
397.0,6400.0,Finance & Investments,Stanley Druckenmiller,69.0,United States,New York,Hedge funds,Finance & Investments,United States,Duquesne Family Office,True,D,M,6/14/1953 0:00,Druckenmiller,Stanley,Founder,4/4/2023 5:01,New York,Northeast,1953.0,6.0,14.0,117.24,"7,5","$21,427,700,000,000 ",88.2,101.8,78.5,9.6,36.6,328239523.0,37.09024,-95.712891
437.0,5900.0,Finance & Investments,Andreas Halvorsen,61.0,United States,Darien,Hedge funds,Finance & Investments,Norway,Viking Global Investors,True,D,M,4/23/1961 0:00,Halvorsen,Andreas,Investor,4/4/2023 5:01,Connecticut,Northeast,1961.0,4.0,23.0,117.24,"7,5","$21,427,700,000,000 ",88.2,101.8,78.5,9.6,36.6,328239523.0,37.09024,-95.712891
466.0,5500.0,Service,Micky Arison,73.0,United States,Bal Harbour,Carnival Cruises,Service,United States,Carnival Corp.,False,D,M,6/29/1949 0:00,Arison,Micky,Chairman and CEO,4/4/2023 5:01,Florida,South,1949.0,6.0,29.0,117.24,"7,5","$21,427,700,000,000 ",88.2,101.8,78.5,9.6,36.6,328239523.0,37.09024,-95.712891
466.0,5500.0,Technology,John Collison,32.0,United States,San Francisco,Payments software,Technology,Ireland,Stripe,True,D,M,8/6/1990 0:00,Collison,John,Cofounder,4/4/2023 5:01,California,West,1990.0,8.0,6.0,117.24,"7,5","$21,427,700,000,000 ",88.2,101.8,78.5,9.6,36.6,328239523.0,37.09024,-95.712891
466.0,5500.0,Technology,Patrick Collison,34.0,United States,San Francisco,Payment software,Technology,Ireland,Stripe,True,D,M,9/9/1988 0:00,Collison,Patrick,Cofounder,4/4/2023 5:01,California,West,1988.0,9.0,9.0,117.24,"7,5","$21,427,700,000,000 ",88.2,101.8,78.5,9.6,36.6,328239523.0,37.09024,-95.712891
466.0,5500.0,Automotive,Dan Friedkin,58.0,United States,Houston,Toyota dealerships,Automotive,United States,Gulf States Toyota,False,U,M,2/27/1965 0:00,Friedkin,Dan,owner and ceo,4/4/2023 5:01,Texas,South,1965.0,2.0,27.0,117.24,"7,5","$21,427,700,000,000 ",88.2,101.8,78.5,9.6,36.6,328239523.0,37.09024,-95.712891
466.0,5500.0,Finance & Investments,Paul Singer,78.0,United States,New York,Hedge funds,Finance & Investments,United States,Elliott Management,True,U,M,8/22/1944 0:00,Singer,Paul,Investor,4/4/2023 5:01,New York,Northeast,1944.0,8.0,22.0,117.24,"7,5","$21,427,700,000,000 ",88.2,101.8,78.5,9.6,36.6,328239523.0,37.09024,-95.712891
497.0,5300.0,Finance & Investments,Douglas Leone,65.0,United States,Atherton,Venture capital,Finance & Investments,United States,Sequoia,True,D,M,7/4/1957 0:00,Leone,Douglas,Global Managing Partner,4/4/2023 5:01,California,West,1957.0,7.0,4.0,117.24,"7,5","$21,427,700,000,000 ",88.2,101.8,78.5,9.6,36.6,328339523.0,37.09024,-95.712891
497.0,5300.0,Finance & Investments,Thomas Pritzker,72.0,United States,Chicago,"Hotels, investments",Finance & Investments,United States,Hyatt Hotels,False,U,M,6/6/1950 0:00,Pritzker,Thomas,Executive Chairman,4/4/2023 5:01,Illinois,Midwest,1950.0,6.0,6.0,117.24,"7,5","$21,427,700,000,000 ",88.2,101.8,78.5,9.6,36.6,328239523.0,37.09024,-95.712891
497.0,5300.0,Finance & Investments,Mark Walter,62.0,United States,Chicago,"Finance, asset management",Finance & Investments,United States,Guggenheim Partners LLC,True,U,M,5/22/1960 0:00,Walter,Mark,CEO,4/4/2023 5:01,Illinois,Midwest,1960.0,5.0,22.0,117.24,"7,5","$21,427,700,000,000 ",88.2,101.8,78.5,9.6,36.6,328239523.0,37.09024,-95.712891
523.0,5100.0,Finance & Investments,Charles B. Johnson,90.0,United States,Palm Beach,Franklin Templeton,Finance & Investments,United States,Franklin Resources Inc.,False,E,M,1/6/1933 0:00,Johnson,Charles B.,Former Chairman and CEO,4/4/2023 5:01,Florida,South,1933.0,1.0,6.0,117.24,"7,5","$21,427,700,000,000 ",88.2,101.8,78.5,9.6,36.6,328239523.0,37.09024,-95.712891
523.0,5100.0,Technology,Romesh T. Wadhwani,75.0,United States,Palo Alto,Software,Technology,United States,Symphony Technology Group,True,U,M,8/25/1947 0:00,Wadhwani,Romesh T.,Founder and Chairman,4/4/2023 5:01,California,West,1947.0,8.0,25.0,117.24,"7,5","$21,427,700,000,000 ",88.2,101.8,78.5,9.6,36.6,328239523.0,37.09024,-95.712891
523.0,5100.0,Sports,Denise York & family,72.0,United States,Youngstown,San Francisco 49ers,Sports,United States,San Francisco 49ers,False,U,F,10/21/1950 0:00,York,Denise,Co-Chairman,4/4/2023 5:01,Ohio,Midwest,1950.0,10.0,21.0,117.24,"7,5","$21,427,700,000,000 ",88.2,101.8,78.5,9.6,36.6,328239523.0,37.09024,-95.712891
552.0,4900.0,Manufacturing,Jim Davis & family,79.0,United States,Newton,New Balance,Manufacturing,United States,New Balance,True,D,M,5/17/1943 0:00,Davis,Jim,Chairman,4/4/2023 5:01,Massachusetts,Northeast,1943.0,5.0,17.0,117.24,"7,5","$21,427,700,000,000 ",88.2,101.8,785.0,9.6,36.6,328239523.0,37.09024,-95.712891
567.0,4800.0,Fashion & Retail,Jimmy Haslam,69.0,United States,Knoxville,"Gas stations, retail",Fashion & Retail,United States,Pilot Flying J,False,U,M,3/9/1954 0:00,Haslam,Jimmy,CEO,4/4/2023 5:01,Tennessee,South,1954.0,3.0,9.0,117.24,"7,5","$21,427,700,000,000 ",88.2,101.8,78.5,9.6,36.6,328239523.0,37.09024,-95.712891
567.0,4800.0,Technology,Vinod Khosla,68.0,United States,Portola Valley,Venture capital,Technology,United States,Khosla Ventures,True,D,M,1/28/1955 0:00,Khosla,Vinod,Investor,4/4/2023 5:01,California,West,1955.0,1.0,28.0,117.24,"7,5","$21,427,700,000,000 ",88.2,101.8,78.5,9.6,36.6,328239523.0,37.09024,-95.712891
591.0,4600.0,Media & Entertainment,Mark Cuban,64.0,United States,Dallas,"Online media, Dallas Mavericks",Media & Entertainment,United States,Dallas Mavericks,True,D,M,7/31/1958 0:00,Cuban,Mark,Owner,4/4/2023 5:01,Texas,South,1958.0,7.0,31.0,117.24,"7,5","$21,427,700,000,000 ",88.2,101.8,78.5,9.6,36.6,328239523.0,37.09024,-95.712891
591.0,4600.0,Media & Entertainment,Charles Dolan & family,96.0,United States,Oyster Bay,Cable television,Media & Entertainment,United States,Cablevision Systems Corp.,True,D,M,10/16/1926 0:00,Dolan,Charles,Chairman and Founder,4/4/2023 5:01,New York,Northeast,1926.0,10.0,16.0,117.24,"7,5","$21,427,700,000,000 ",88.2,101.8,78.5,9.6,36.6,328239523.0,37.09024,-95.712891
591.0,4600.0,Technology,Jack Dorsey,46.0,United States,San Francisco,"Twitter, Square",Technology,United States,Twitter,True,D,M,11/19/1976 0:00,Dorsey,Jack,Cofounder,4/4/2023 5:01,California,West,1976.0,11.0,19.0,117.24,"7,5","$21,427,700,000,000 ",88.2,101.8,78.5,9.6,36.6,328239523.0,37.09024,-95.712891
591.0,4600.0,Logistics,Fred Smith,78.0,United States,Memphis,FedEx,Logistics,United States,FedEx Corp.,True,D,M,8/11/1944 0:00,Smith,Fred,Chairman and CEO,4/4/2023 5:01,Tennessee,South,1944.0,8.0,11.0,117.24,"7,5","$21,427,700,000,000 ",88.2,101.8,78.5,9.6,36.6,328239523.0,37.09024,-95.712891
624.0,4400.0,Finance & Investments,Joe Mansueto,66.0,United States,Chicago,Investment research,Finance & Investments,United States,Morningstar Inc.,True,D,M,9/3/1956 0:00,Mansueto,Joe,"Entrepreneur, Investor",4/4/2023 5:01,Illinois,Midwest,1956.0,9.0,3.0,117.24,"7,5","$21,427,700,000,000 ",88.2,101.8,78.5,9.6,36.6,328239523.0,37.09024,-95.712891
659.0,4200.0,Finance & Investments,"Rupert Johnson, Jr.",82.0,United States,Burlingame,Franklin Templeton,Finance & Investments,United States,Franklin Resources Inc.,False,D,M,8/10/1940 0:00,Johnson,Rupert,Vice Chairman and Director,4/4/2023 5:01,California,West,1940.0,8.0,10.0,117.24,"7,5","$21,427,700,000,000 ",88.2,101.8,78.5,9.6,36.6,328239523.0,37.09024,-95.712891
659.0,4200.0,Technology,Eric Lefkofsky,53.0,United States,Glencoe,"Groupon, investments",Technology,United States,Groupon,True,U,M,9/2/1969 0:00,Lefkofsky,Eric,Chairman,4/4/2023 5:01,Illinois,Midwest,1969.0,9.0,2.0,117.24,"7,5","$21,427,700,000,000 ",88.2,101.8,78.5,9.6,36.6,328239523.0,37.09024,-95.712891
659.0,4200.0,Technology,Michael Moritz,68.0,United States,San Francisco,Venture capital,Technology,United States,Sequoia,True,D,M,9/12/1954 0:00,Moritz,Michael,Investor,4/4/2023 5:01,California,West,1954.0,9.0,12.0,117.24,"7,5","$21,427,700,000,000 ",88.2,101.8,78.5,9.6,36.6,328239523.0,37.09024,-95.712891
659.0,4200.0,Finance & Investments,Peter Thiel,55.0,United States,Los Angeles,"Facebook, investments",Finance & Investments,United States,Founders Fund,True,D,M,10/11/1967 0:00,Thiel,Peter,Investor,4/4/2023 5:01,California,West,1967.0,10.0,11.0,117.24,"7,5","$21,427,700,000,000 ",88.2,101.8,78.5,9.6,36.6,328239523.0,37.09024,-95.712891
699.0,4000.0,Тechnology,Travis Kalanick,46.0,United States,Los Angeles,Uber,Technology,United States,Uber Technologies Inc.,True,U,M,8/6/1976 0:00,Kalanick,Travis,Cofounder,4/4/2023 5:01,California,West,1976.0,8.0,6.0,117.24,"7,5","$21,427,700,000,000 ",88.2,101.8,78.5,9.6,36.6,328239523.0,37.09024,-95.712891
699.0,4000.0,Media & Entertainment,Isaac Perlmutter,80.0,United States,Palm Beach,Marvel comics,Media & Entertainment,United States,Marvel Entertainment,True,D,M,12/1/1942 0:00,Perlmutter,Isaac,Chairman,4/4/2023 5:01,Florida,South,1942.0,12.0,1.0,117.24,"7,5","$21,427,700,000,000 ",88.2,101.8,78.5,9.6,36.6,328239523.0,37.09024,-95.712891
699.0,4000.0,Finance & Investments,"Bernard Saul, II.",90.0,United States,Chevy Chase,"Banking, real estate",Finance & Investments,United States,Saul Centers,False,U,M,4/15/1932 0:00,Saul,Bernard,Chairman and CEO,4/4/2023 5:01,Maryland,South,1932.0,4.0,15.0,117.24,"7,5","$21,427,700,000,000 ",88.2,101.8,78.5,9.6,36.6,328239523.0,37.09024,-95.712891
721.0,3900.0,Sports,James Irsay,63.0,United States,Carmel,Indianapolis Colts,Sports,United States,Indianapolis Colts,False,U,M,6/13/1959 0:00,Irsay,James,CEO,4/4/2023 5:01,Indiana,Midwest,1959.0,6.0,13.0,117.24,"7,5","$21,427,700,000,000 ",88.2,101.8,78.5,9.6,36.6,328239523.0,37.09024,-95.712891
721.0,3900.0,Gambling & Casinos,Gabe Newell,60.0,United States,Seattle,Videogames,Gambling & Casinos,United States,Valve Corporation,True,E,M,11/3/1962 0:00,Newell,Gabe,Cofounder and CEO,4/4/2023 5:01,Washington,West,1962.0,11.0,3.0,117.24,"7,5","$21,427,700,000,000 ",88.2,101.8,78.5,9.6,36.6,328239523.0,37.09024,-95.712891
748.0,3800.0,Finance & Investments,Stephen Feinberg,63.0,United States,New York,Private equity,Finance & Investments,United States,Cerberus Capital Management,True,U,M,3/29/1960 0:00,Feinberg,Stephen,Co-founder and CEO,4/4/2023 5:01,New York,Northeast,1960.0,3.0,29.0,117.24,"7,5","$21,427,700,000,000 ",88.2,101.8,78.5,9.6,36.6,328239523.0,37.09024,-95.712891
748.0,3800.0,Media & Entertainment,Martha Ingram & family,87.0,United States,Nashville,"Book distribution, transportation",Media & Entertainment,United States,"Ingram Industries, Inc.",False,D,F,8/20/1935 0:00,Ingram,Martha,Former Chairman,4/4/2023 5:01,Tennessee,South,1935.0,8.0,20.0,117.24,"7,5","$21,427,700,000,000 ",88.2,101.8,78.5,9.6,36.6,328239523.0,37.09024,-95.712891
748.0,3800.0,Service,Steven Udvar-Hazy,77.0,United States,Westlake,Aircraft leasing,Service,United States,Air Lease Corp.,True,D,M,2/23/1946 0:00,Udvar-Hazy,Steven,CEO and Chairman,4/4/2023 5:01,Texas,South,1946.0,2.0,23.0,117.24,"7,5","$21,427,700,000,000 ",88.2,101.8,78.5,9.6,36.6,328239523.0,37.09024,-95.712891
766.0,3700.0,Finance & Investments,William Berkley,76.0,United States,Coconut Grove,Insurance,Finance & Investments,United States,WR Berkley,True,E,M,9/1/1946 0:00,Berkley,William,Chairman and CEO,4/4/2023 5:01,Florida,South,1946.0,9.0,1.0,117.24,"7,5","$21,427,700,000,000 ",88.2,101.8,78.5,9.6,36.6,328239523.0,37.09024,-95.712891
766.0,3700.0,Finance & Investments,Daniel Och,62.0,United States,Miami Beach,Hedge funds,Finance & Investments,United States,Och-Ziff Capital Management,True,D,M,1/27/1961 0:00,Och,Daniel,Founder,4/4/2023 5:01,Florida,South,1961.0,1.0,27.0,117.24,"7,5","$21,427,700,000,000 ",88.2,101.8,78.5,9.6,36.6,328239523.0,37.09024,-95.712891
766.0,37000.0,Technology,John Sall,75.0,United States,Cary,Software,Technology,United States,SAS Institute,True,U,M,4/4/1948 0:00,Sall,John,"Co-Founder, Executive Vice President",4/4/2023 5:01,North Carolina,South,1948.0,4.0,4.0,117.24,"7,5","$21,427,700,000,000 ",88.2,101.8,78.5,9.6,36.6,328239523.0,37.09024,-95.712891
766.0,3700.0,Fashion & Retail,Richard Schulze,82.0,United States,Naples,Best Buy,Fashion & Retail,United States,Best Buy Co. Inc.,True,D,M,1/2/1941 0:00,Schulze,Richard,Chairman,4/4/2023 5:01,Florida,South,1941.0,1.0,2.0,117.24,"7,5","$21,427,700,000,000 ",88.2,101.8,78.5,9.6,36.6,328239523.0,37.09024,-95.712891
787.0,3600.0,Finance & Investments,Josh Kushner,37.0,United States,New York City,Venture capital,Finance & Investments,United States,Thrive Capital,True,U,M,6/12/1985 0:00,Kushner,Josh,Managing Partner,4/4/2023 5:01,New York,Northeast,1985.0,6.0,12.0,117.24,"7,5","$21,427,700,000,000 ",88.2,101.8,78.5,9.6,36.6,328239523.0,37.09024,-95.712891
787.0,3600.0,Finance & Investments,"Stephen Mandel, Jr.",67.0,United States,Greenwich,Hedge funds,Finance & Investments,United States,Lone Pine Capital,True,D,M,3/12/1956 0:00,Mandel,Stephen,Founder,4/4/2023 5:01,Connecticut,Northeast,1956.0,3.0,12.0,117.24,"7,5","$21,427,700,000,000 ",88.2,101.8,78.5,9.6,36.6,328239523.0,37.09024,-95.712891
818.0,3500.0,Finance & Investments,Daniel Loeb,61.0,United States,New York,Hedge funds,Finance & Investments,United States,Third Point,True,D,M,12/18/1961 0:00,Loeb,Daniel,Investor,4/4/2023 5:01,New York,Northeast,1961.0,12.0,18.0,117.24,"7,5","$21,427,700,000,000 ",88.2,101.8,78.5,9.6,36.6,328239523.0,37.09024,-95.712891
818.0,3500.0,Finance & Investments,Scott Shleifer,45.0,United States,New York,Private equity,Finance & Investments,United States,Tiger Global Management,True,D,M,6/14/1977 0:00,Shleifer,Scott,Investor,4/4/2023 5:01,New York,Northeast,1977.0,6.0,14.0,117.24,"7,5","$21,427,700,000,000 ",88.2,101.8,78.5,9.6,36.6,328239523.0,37.09024,-95.712891
852.0,3400.0,Finance & Investments,William Ackman,56.0,United States,New York,Hedge funds,Finance & Investments,United States,"Pershing Square Capital Management, L.P.",True,U,M,5/11/1966 0:00,Ackman,William,"Founder, CEO",4/4/2023 5:01,New York,Northeast,1966.0,5.0,11.0,117.24,"7,5","$21,427,700,000,000 ",88.2,101.8,78.5,9.6,36.6,328239523.0,37.09024,-95.712891
852.0,3400.0,Media & Entertainment,"Amos Hostetter, Jr.",86.0,United States,Boston,Cable television,Media & Entertainment,United States,Pilot House Associates,True,D,M,1/12/1937 0:00,Hostetter,Amos,Chair,4/4/2023 5:01,Massachusetts,Northeast,1937.0,1.0,12.0,117.24,"7,5","$21,427,700,000,000 ",88.2,101.8,78.5,9.6,36.6,328239523.0,37.09024,-95.712891
852.0,3400.0,Finance & Investments,Steven Klinsky,66.0,United States,New York,Investments,Finance & Investments,United States,New Mountain Capital,True,E,M,5/30/1956 0:00,Klinsky,Steven,Founder & CEO,4/4/2023 5:01,New York,Northeast,1956.0,5.0,30.0,117.24,"7,5","$21,427,700,000,000 ",88.2,101.8,78.5,9.6,36.6,328239523.0,37.09024,-95.712891
852.0,3400.0,Real Estate,Herb Simon,88.0,United States,Indianapolis,Real estate,Real Estate,United States,Simon Property Group,True,D,M,10/23/1934 0:00,Simon,Herb,"Chairman Emeritus of the Board of Simon Property Group, Inc.",4/4/2023 5:01,Indiana,Midwest,1934.0,10.0,23.0,117.24,"7,5","$21,427,700,000,000 ",88.2,101.8,78.5,9.6,36.6,328239523.0,37.09024,-95.712891
852.0,3400.0,Technology,Eric Yuan & family,53.0,United States,Santa Clara,Zoom Video Communications,Technology,United States,Zoom Video Communications,True,D,M,2/20/1970 0:00,Yuan,Eric,Founder and CEO,4/4/2023 5:01,California,West,1970.0,2.0,20.0,117.24,"7,5","$21,427,700,000,000 ",88.2,101.8,78.5,9.6,36.6,328239523.0,37.09024,-95.712891
878.0,3300.0,Finance & Investments,John Arnold,49.0,United States,Houston,Hedge funds,Finance & Investments,United States,Centaurus Advisors,True,E,M,3/9/1974 0:00,Arnold,John,Founder,4/4/2023 5:01,Texas,South,1974.0,3.0,9.0,117.24,"7,5","$21,427,700,000,000 ",88.2,101.8,78.5,9.6,36.6,328239523.0,37.09024,-95.712891
878.0,3300.0,Finance & Investments,Rodger Riney & family,77.0,United States,St. Louis,Discount brokerage,Finance & Investments,United States,"Scottrade, Inc.",True,D,M,1/1/1946 0:00,Riney,Rodger,Cofounder,4/4/2023 5:01,Missouri,Midwest,1946.0,1.0,1.0,117.24,"7,5","$21,427,700,000,000 ",88.2,101.8,78.5,9.6,36.6,328339523.0,37.09024,-95.712891
878.0,3300.0,Finance & Investments,Jeffrey Talpins,48.0,United States,Larchmont,Hedge fund,Finance & Investments,United States,Element Capital Management,True,U,M,3/6/1975 0:00,Talpins,Jeffrey,Founder,4/4/2023 5:01,New York,Northeast,1975.0,3.0,6.0,117.24,"7,5","$21,427,700,000,000 ",88.2,101.8,78.5,9.6,36.6,328239523.0,37.09024,-95.712891
905.0,3200.0,Media & Entertainment,Charles Ergen,70.0,United States,Denver,Satellite TV,Media & Entertainment,United States,DISH Network,True,D,M,3/1/1953 0:00,Ergen,Charles,Founder and Chairman,4/4/2023 5:01,Colorado,West,1953.0,3.0,1.0,117.24,"7,5","$21,427,700,000,000 ",88.2,101.8,78.5,9.6,36.6,328239523.0,37.09024,-95.712891
905.0,3200.0,Technology,David Filo,56.0,United States,Palo Alto,Yahoo,Technology,United States,Yahoo!,True,D,M,4/15/1966 0:00,Filo,David,Chief Yahoo,4/4/2023 5:01,California,West,1966.0,4.0,15.0,117.24,"7,5","$21,427,700,000,000 ",88.2,101.8,78.5,9.6,36.6,328239523.0,37.09024,-95.712891
905.0,3200.0,Finance & Investments,David Rubenstein,73.0,United States,Bethesda,Private equity,Finance & Investments,United States,Carlyle Group,True,D,M,8/11/1949 0:00,Rubenstein,David,Cofounder and Co-executive Chairman,4/4/2023 5:01,Maryland,South,1949.0,8.0,11.0,117.24,"7,5","$21,427,700,000,000 ",88.2,101.8,78.5,9.6,36.6,328239523.0,37.09024,-95.712891
905.0,3200.0,Gambling & Casinos,Steve Wynn,81.0,United States,Palm Beach,"Casinos, hotels",Gambling & Casinos,United States,Wynn Resorts,True,D,M,1/27/1942 0:00,Wynn,Steve,Cofounder,4/4/2023 5:01,Florida,South,1942.0,1.0,27.0,117.24,"7,5","$21,427,700,000,000 ",88.2,101.8,78.5,9.6,36.6,328239523.0,37.09024,-95.712891
949.0,3100.0,Technology,Reed Hastings,62.0,United States,Santa Cruz,Netflix,Technology,United States,Netflix,True,D,M,10/8/1960 0:00,Hastings,Reed,CEO,4/4/2023 5:01,California,West,1960.0,10.0,8.0,117.24,"7,5","$21,427,700,000,000 ",88.2,101.8,78.5,9.6,36.6,328239523.0,37.09024,-95.712891
949.0,3100.0,Finance & Investments,Jonathan Nelson,66.0,United States,Providence,Private equity,Finance & Investments,United States,Providence Equity Partners,True,U,M,5/18/1956 0:00,Nelson,Jonathan,Executive Chairman ,4/4/2023 5:01,Rhode Island,Northeast,1956.0,5.0,18.0,117.24,"7,5","$21,427,700,000,000 ",88.2,101.8,78.5,9.6,36.6,328239523.0,37.09024,-95.712891
949.0,3100.0,Finance & Investments,Penny Pritzker,63.0,United States,Chicago,"Hotels, investments",Finance & Investments,United States,Inspired Capital,False,D,F,5/2/1959 0:00,Pritzker,Penny,Cofounder,4/4/2023 5:01,Illinois,Midwest,1959.0,5.0,2.0,117.24,"7,5","$21,427,700,000,000 ",88.2,101.8,78.5,9.6,36.6,328239523.0,37.09024,-95.712891
982.0,3000.0,Finance & Investments,"William Conway, Jr.",73.0,United States,McLean,Private equity,Finance & Investments,United States,Carlyle Group,True,D,M,8/27/1949 0:00,Conway,William,Co-Chief Executive Officer and Co-founder,4/4/2023 5:01,Virginia,South,1949.0,8.0,27.0,117.24,"7,5","$21,427,700,000,000 ",88.2,101.8,78.5,9.6,36.6,328239523.0,37.09024,-95.712891
982.0,3000.0,Finance & Investments,John Paulson,67.0,United States,New York,Hedge funds,Finance & Investments,United States,Paulson & Co. Inc.,True,D,M,12/14/1955 0:00,Paulson,John,Founder,4/4/2023 5:01,New York,Northeast,1955.0,12.0,14.0,117.24,"7,5","$21,427,700,000,000 ",88.2,101.8,78.5,9.6,36.6,328239523.0,37.09024,-95.712891
1027.0,2900.0,Technology,James Clark,79.0,United States,Palm Beach,"Netscape, investments",Technology,United States,Netscape Communications Corporation,True,D,M,3/23/1944 0:00,Clark,James,Cofounder,4/4/2023 5:01,Florida,South,1944.0,3.0,23.0,117.24,"7,5","$21,427,700,000,000 ",88.2,101.8,78.5,9.6,36.6,328239523.0,37.09024,-95.712891
1027.0,2900.0,Media & Entertainment,Kenneth Feld & family,74.0,United States,Sarasota,Live entertainment,Media & Entertainment,United States,Feld Entertainment,False,U,M,10/31/1948 0:00,Feld,Kenneth,Chairman,4/4/2023 5:01,Florida,South,1948.0,10.0,31.0,117.24,"7,5","$21,427,700,000,000 ",88.2,101.8,78.5,9.6,36.6,328239523.0,37.09024,-95.712891
1027.0,2900.0,Food & Beverage,Rodney Sacks,73.0,United States,Laguna Beach,Energy drinks,Food & Beverage,United States,Monster Beverage,True,U,M,12/24/1949 0:00,Sacks,Rodney,CEO,4/4/2023 5:01,California,West,1949.0,12.0,24.0,117.24,"7,5","$21,427,700,000,000 ",88.2,101.8,78.5,9.6,36.6,328239523.0,37.09024,-95.712891
1027.0,2900.0,Food & Beverage,"William Wrigley, Jr.",59.0,United States,North Palm Beach,Chewing gum,Food & Beverage,United States,"Wrigley Management, Inc.",False,D,M,11/1/1963 0:00,Wrigley,William,Investor,4/4/2023 5:01,Florida,South,1963.0,11.0,1.0,117.24,"7,5","$21,427,700,000,000 ",88.2,101.8,78.5,9.6,36.6,328239523.0,37.09024,-95.712891
1067.0,2800.0,Technology,Garrett Camp,44.0,United States,San Francisco,Uber,Technology,CAN,Uber Technologies Inc.,True,E,M,10/4/1978 0:00,Camp,Garrett,Cofounder and Chairman,4/4/2023 5:01,California,West,1978.0,10.0,4.0,117.24,"7,5","$21,427,700,000,000 ",88.2,101.8,78.5,9.6,36.6,328239523.0,37.09024,-95.712891
1067.0,2800.0,Тechnology,Meg Whitman,66.0,United States,Los Angeles,EBay,Technology,United States,Quibi,True,D,F,8/4/1956 0:00,Whitman,Meg,CEO,4/4/2023 5:01,California,West,1956.0,8.0,4.0,117.24,"7,5","$21,427,700,000,000 ",88.2,101.8,78.5,9.6,36.6,328239523.0,37.09024,-95.712891
1104.0,2700.0,Technology,Jeff Rothschild,68.0,United States,Palo Alto,Facebook,Technology,United States,Meta Platforms,True,D,M,1/2/1955 0:00,Rothschild,Jeff,Advisor,4/4/2023 5:01,California,West,1955.0,1.0,2.0,117.24,"7,5","$21,427,700,000,000 ",88.2,101.8,78.5,9.6,36.6,328239523.0,37.09024,-95.712891
1104.0,2700.0,Technology,Evan Spiegel,32.0,United States,Los Angeles,Snapchat,Technology,United States,Snap,True,D,M,6/4/1990 0:00,Spiegel,Evan,Cofounder,4/4/2023 5:01,California,West,1990.0,6.0,4.0,117.24,"7,5","$21,427,700,000,000 ",88.2,101.8,78.5,9.6,36.6,328239523.0,37.09024,-95.712891
1164.0,2600.0,Healthcare,Leonard Schleifer,70.0,United States,Tarrytown,Pharmaceuticals,Healthcare,United States,Regeneron Pharmaceuticals,True,U,M,7/7/1952 0:00,Schleifer,Leonard,CEO and Founder,4/4/2023 5:01,New York,Northeast,1952.0,7.0,7.0,117.24,"7,5","$21,427,700,000,000 ",88.2,101.8,78.5,9.6,36.6,328239523.0,37.09024,-95.712891
1217.0,2500.0,Food & Beverage,S. Daniel Abraham,98.0,United States,Palm Beach,Slim-Fast,Food & Beverage,United States,S. Daniel Abraham Center for Middle East Peace,True,U,M,8/15/1924 0:00,Abraham,S. Daniel,Chairman,4/4/2023 5:01,Florida,South,1924.0,8.0,15.0,117.24,"7,5","$21,427,700,000,000 ",88.2,101.8,78.5,9.6,36.6,328239523.0,37.09024,-95.712891
1217.0,2500.0,Construction & Engineering,Riley Bechtel & family,71.0,United States,San Francisco,"Engineering, construction",Construction & Enginering,United States,Bechtel Corp.,False,D,M,3/25/1952 0:00,Bechtel,Riley,former Chairman and CEO,4/4/2023 5:01,California,West,1952.0,3.0,25.0,117.24,"7,5","$21,427,700,000,000 ",88.2,101.8,78.5,9.6,36.6,328239523.0,37.09024,-95.712891
1217.0,2500.0,Finance & Investments,Leon G. Cooperman,79.0,United States,Boca Raton,Hedge funds,Finance & Investments,United States,"Omega Advisors, Inc.",True,E,M,4/25/1943 0:00,Cooperman,Leon G.,Founder,4/4/2023 5:01,Florida,South,1943.0,4.0,25.0,117.24,"7,5","$21,427,700,000,000 ",88.2,101.8,78.5,9.6,36.6,328239523.0,37.09024,-95.712891
1217.0,2500.0,Finance & Investments,Joseph Edelman,67.0,United States,New York,Hedge funds,Finance & Investments,United States,Perceptive Advisors,True,D,M,6/10/1955 0:00,Edelman,Joseph,Founder & CEO,4/4/2023 5:01,New York,Northeast,1955.0,6.0,10.0,117.24,"7,5","$21,427,700,000,000 ",88.2,101.8,78.5,9.6,36.6,328239523.0,37.09024,-95.712891
1217.0,2500.0,Technology,Bobby Murphy,34.0,United States,Venice,Snapchat,Technology,United States,Snap,True,D,M,7/19/1988 0:00,Murphy,Bobby,Cofounder,4/4/2023 5:01,California,West,1988.0,7.0,19.0,117.24,"7,5","$21,427,700,000,000 ",88.2,101.8,78.5,9.6,36.6,328239523.0,37.09024,-95.712891
1272.0,2400.0,Technology,Brian Acton,51.0,United States,Palo Alto,WhatsApp,Technology,United States,WhatsApp Inc.,True,D,M,2/17/1972 0:00,Acton,Brian,Cofounder,4/4/2023 5:01,California,West,1972.0,2.0,17.0,117.24,"7,5","$21,427,700,000,000 ",88.2,101.8,78.5,9.6,36.6,328239523.0,37.09024,-95.712891
1272.0,2400.0,Fashion & Retail,Doris Fisher,91.0,United States,San Francisco,Gap,Fashion & Retail,United States,Gap Inc.,True,D,F,8/23/1931 0:00,Fisher,Doris,Cofounder,4/4/2023 5:01,California,West,1931.0,8.0,23.0,117.24,"7,5","$21,427,700,000,000 ",88.2,101.8,78.5,9.6,36.6,328239523.0,37.09024,-95.712891
1272.0,2400.0,Finance & Investments,Gerald Ford,78.0,United States,Dallas,Banking,Finance & Investments,United States,Ford Financial Fund,True,D,M,8/4/1944 0:00,Ford,Gerald,Managing Member,4/4/2023 5:01,Texas,South,1944.0,8.0,4.0,117.24,"7,5","$21,427,700,000,000 ",88.2,101.8,78.5,9.6,36.6,328239523.0,37.09024,-95.712891
1272.0,2400.0,Technology,Jerry Yang,54.0,United States,Los Altos Hills,Yahoo,Technology,United States,Yahoo!,True,D,M,11/6/1968 0:00,Yang,Jerry,Cofounder,4/4/2023 5:01,California,West,1968.0,11.0,6.0,117.24,"7,5","$21,427,700,000,000 ",88.2,101.8,78.5,9.6,36.6,328239523.0,37.09024,-95.712891
1273.0,2400.0,Real Estate,Mortimer Zuckerman,85.0,United States,New York,"Real estate, media",Real Estate,United States,Boston Properties,True,D,M,6/4/1937 0:00,Zuckerman,Mortimer,Chairman and CEO,4/4/2023 5:01,New York,Northeast,1937.0,6.0,4.0,117.24,"7,5","$21,427,700,000,000 ",88.2,101.8,78.5,9.6,36.6,328239523.0,37.09024,-95.712891
1312.0,2300.0,Fashion & Retail,John Fisher,61.0,United States,San Francisco,Gap,Fashion & Retail,United States,"Pisces, Inc.",False,D,M,6/1/1961 0:00,Fisher,John,President,4/4/2023 5:01,California,West,1961.0,6.0,1.0,117.24,"7,5","$21,427,700,000,000 ",88.2,101.8,78.5,9.6,36.6,328239523.0,37.09024,-95.712891
1312.0,2300.0,Finance & Investments,Bruce Karsh,67.0,United States,Los Angeles,Private equity,Finance & Investments,United States,Oaktree Capital Group LLC,True,U,M,10/10/1955 0:00,Karsh,Bruce,President,4/4/2023 5:01,California,West,1955.0,10.0,10.0,117.24,"7,5","$21,427,700,000,000 ",88.2,101.8,78.5,9.6,36.6,328239523.0,37.09024,-95.712891
1312.0,2300.0,Technology,Jayshree Ullal,62.0,United States,Saratoga,Computer networking,Technology,United States,Arista,True,U,F,3/27/1961 0:00,Ullal,Jayshree,CEO,4/4/2023 5:01,California,West,1961.0,3.0,27.0,117.24,"7,5","$21,427,700,000,000 ",88.2,101.8,78.5,9.6,36.6,328239523.0,37.09024,-95.712891
1368.0,2200.0,Real Estate,George Argyros & family,86.0,United States,Newport Beach,"Real estate, investments",Real Estate,United States,Arnel & Affiliates,True,D,M,2/4/1937 0:00,Argyros,George,Investor,4/4/2023 5:01,California,West,1937.0,2.0,4.0,117.24,"7,5","$21,427,700,000,000 ",88.2,101.8,78.5,9.6,36.6,328239523.0,37.09024,-95.712891
1368.0,2200.0,Technology,Aneel Bhusri,57.0,United States,San Francisco,Business software,Technology,United States,Workday,True,D,M,2/4/1966 0:00,Bhusri,Aneel,Investor,4/4/2023 5:01,California,West,1966.0,2.0,4.0,117.24,"7,5","$21,427,700,000,000 ",88.2,101.8,78.5,9.6,36.6,328239523.0,37.09024,-95.712891
1368.0,2200.0,Finance & Investments,Noam Gottesman,61.0,United States,New York,Hedge funds,Finance & Investments,United States,TOMS Capital,True,D,M,5/24/1961 0:00,Gottesman,Noam,Chief Executive Officer,4/4/2023 5:01,New York,Northeast,1961.0,5.0,24.0,117.24,"7,5","$21,427,700,000,000 ",88.2,101.8,78.5,9.6,36.6,328239523.0,37.09024,-95.712891
1368.0,2200.0,Finance & Investments,Jeffrey Gundlach,64.0,United States,Los Angeles,Investments,Finance & Investments,United States,DoubleLine Capital,True,E,M,1/1/1959 0:00,Gundlach,Jeffrey,CEO,4/4/2023 5:01,California,West,1959.0,1.0,1.0,117.24,"7,5","$21,427,700,000,000 ",88.2,101.8,78.5,9.6,36.6,328239523.0,37.09024,-95.712891
1368.0,2200.0,Finance & Investments,Howard Marks,76.0,United States,New York,Private equity,Finance & Investments,United States,Oaktree Capital Group LLC,True,E,M,4/23/1946 0:00,Marks,Howard,Chairman,4/4/2023 5:01,New York,Northeast,1946.0,4.0,23.0,117.24,"7,5","$21,427,700,000,000 ",88.2,101.8,78.5,9.6,36.6,328239523.0,37.09024,-95.712891
1368.0,2200.0,Finance & Investments,Charles Munger,99.0,United States,Los Angeles,Berkshire Hathaway,Finance & Investments,United States,Berkshire Hathaway Inc. (Cl A),True,D,M,1/1/1924 0:00,Munger,Charles,Vice Chairman,4/4/2023 5:01,California,West,1924.0,1.0,1.0,117.24,"7,5","$21,427,700,000,000 ",88.2,101.8,78.5,9.6,36.6,328239523.0,37.09024,-95.712891
1368.0,2200.0,Technology,Kavitark Ram Shriram,66.0,United States,Menlo Park,"Venture capital, Google",Technology,United States,Sherpalo Ventures,True,D,M,1/21/1957 0:00,Shriram,Kavitark Ram,Investor,4/4/2023 5:01,California,West,1957.0,1.0,21.0,117.24,"7,5","$21,427,700,000,000 ",88.2,101.8,78.5,9.6,36.6,328239523.0,37.09024,-95.712891
1368.0,2200.0,Finance & Investments,Henry Swieca,65.0,United States,New York,Hedge funds,Finance & Investments,United States,Talpion Fund Management,True,U,M,5/9/1957 0:00,Swieca,Henry,Founder,4/4/2023 5:01,New York,Northeast,1957.0,5.0,9.0,117.24,"7,5","$21,427,700,000,000 ",88.2,101.8,78.5,9.6,36.6,328339523.0,37.09024,-95.712891
1434.0,2100.0,Energy,Paul Foster,65.0,United States,El Paso,Oil refining,Energy,United States,Western Refining,True,U,M,10/8/1957 0:00,Foster,Paul,Chairman,4/4/2023 5:01,Texas,South,1957.0,10.0,8.0,117.24,"7,5","$21,427,700,000,000 ",88.2,101.8,78.5,9.6,36.6,328239523.0,37.09024,-95.712891
1434.0,2100.0,Energy,Gordon Getty,89.0,United States,San Francisco,Getty Oil,Energy,United States,Ann & Gordon Getty Foundation,False,E,M,12/20/1933 0:00,Getty,Gordon,President and Chairman,4/4/2023 5:01,California,West,1933.0,12.0,20.0,117.24,"7,5","$21,427,700,000,000 ",88.2,101.8,78.5,9.6,36.6,328239523.0,37.09024,-95.712891
1434.0,2100.0,Finance & Investments,Marc Lasry,62.0,United States,New York,Hedge funds,Finance & Investments,United States,Avenue Capital Group,True,U,M,9/23/1960 0:00,Lasry,Marc,Founder,4/4/2023 5:01,New York,Northeast,1960.0,9.0,23.0,117.24,"7,5","$21,427,700,000,000 ",88.2,101.8,78.5,9.6,36.6,328239523.0,37.09024,-95.712891
1434.0,2100.0,Fashion & Retail,Edward Stack,68.0,United States,Sewickley,Dick's Sporting Goods,Fashion & Retail,United States,Dick's Sporting Goods,True,U,M,12/27/1954 0:00,Stack,Edward,Chairman and CEO,4/4/2023 5:01,Pennsylvania,Northeast,1954.0,12.0,27.0,117.24,"7,5","$21,427,700,000,000 ",88.2,101.8,78.5,9.6,36.6,328239523.0,37.09024,-95.712891
1434.0,2100.0,Food & Beverage,Hamdi Ulukaya,50.0,United States,Norwich,Greek yogurt,Food & Beverage,Turkey,Chobani,True,D,M,10/26/1972 0:00,Ulukaya,Hamdi,Founder and CEO,4/4/2023 5:01,New York,Northeast,1972.0,10.0,26.0,117.24,"7,5","$21,427,700,000,000 ",88.2,101.8,78.5,9.6,36.6,328239523.0,37.09024,-95.712891
1434.0,2100.0,Gambling & Casinos,Elaine Wynn,80.0,United States,Las Vegas,"Casinos, hotels",Gambling & Casinos,United States,"Wynn Las Vegas, LLC",True,U,F,4/28/1942 0:00,Wynn,Elaine,Board Member,4/4/2023 5:01,Nevada,West,1942.0,4.0,28.0,117.24,"7,5","$21,427,700,000,000 ",88.2,101.8,78.5,9.6,36.6,328239523.0,37.09024,-95.712891
1575.0,1900.0,Finance & Investments,James Dinan,63.0,United States,North Salem,Hedge funds,Finance & Investments,United States,York Capital Management,True,E,M,5/22/1959 0:00,Dinan,James,Founder,4/4/2023 5:01,New York,Northeast,1959.0,5.0,22.0,117.24,"7,5","$21,427,700,000,000 ",88.2,101.8,78.5,9.6,36.6,328239523.0,37.09024,-95.712891
1575.0,1900.0,Technology,Reid Hoffman,55.0,United States,Palo Alto,LinkedIn,Technology,United States,Greylock,True,D,M,8/5/1967 0:00,Hoffman,Reid,Partner,4/4/2023 5:01,California,West,1967.0,8.0,5.0,117.24,"7,5","$21,427,700,000,000 ",88.2,101.8,78.5,9.6,36.6,328239523.0,37.09024,-95.712891
1575.0,1900.0,Finance & Investments,Edward Lampert,60.0,United States,Miami Beach,Sears,Finance & Investments,United States,ESL Investments Inc.,True,U,M,7/19/1962 0:00,Lampert,Edward,Founder,4/4/2023 5:01,Florida,South,1962.0,7.0,19.0,117.24,"7,5","$21,427,700,000,000 ",88.2,101.8,78.5,9.6,36.6,328239523.0,37.09024,-95.712891
1575.0,1900.0,Food & Beverage,James Leprino,85.0,United States,Indian Hills,Cheese,Food & Beverage,United States,Leprino Foods,False,D,M,11/22/1937 0:00,Leprino,James,Chairman,4/4/2023 5:01,Colorado,West,1937.0,11.0,22.0,117.24,"7,5","$21,427,700,000,000 ",88.2,101.8,78.5,9.6,36.6,328239523.0,37.09024,-95.712891
1575.0,1900.0,Finance & Investments,Jennifer Pritzker,72.0,United States,Chicago,"Hotels, investments",Finance & Investments,United States,Tawani Enterprises,False,D,F,8/13/1950 0:00,Pritzker,Jennifer,CEO,4/4/2023 5:01,Illinois,Midwest,1950.0,8.0,13.0,117.24,"7,5","$21,427,700,000,000 ",88.2,101.8,78.5,9.6,36.6,328239523.0,37.09024,-95.712891
1575.0,1900.0,Finance & Investments,Larry Robbins,53.0,United States,Alpine,Hedge funds,Finance & Investments,United States,Glenview Capital Management,True,E,M,10/21/1969 0:00,Robbins,Larry,Investor,4/4/2023 5:01,New Jersey,Northeast,1969.0,10.0,21.0,117.24,"7,5","$21,427,700,000,000 ",88.2,101.8,78.5,9.6,36.6,328239523.0,37.09024,-95.712891
1575.0,1900.0,Food & Beverage,Charlotte Colket Weber,80.0,United States,Hobe Sound,Campbell Soup,Food & Beverage,United States,Campbell Soup,False,U,F,11/19/1942 0:00,Weber,Charlotte Colket,Director,4/4/2023 5:01,Florida,South,1942.0,11.0,19.0,117.24,"7,5","$21,427,700,000,000 ",88.2,101.8,78.5,9.6,36.6,328239523.0,37.09024,-95.712891
1647.0,1800.0,Technology,Tim  Cook,62.0,United States,Cupertino,Apple,Technology,United States,Apple,True,D,M,11/1/1960 0:00,Cook,Tim,CEO,4/4/2023 5:01,California,West,1960.0,11.0,1.0,117.24,"7,5","$21,427,700,000,000 ",88.2,101.8,78.5,9.6,36.6,328239523.0,37.09024,-95.712891
1647.0,1800.0,Food & Beverage,Christopher Goldsbury,80.0,United States,San Antonio,Salsa,Food & Beverage,United States,Silver Ventures,False,E,M,1/1/1943 0:00,Goldsbury,Christopher,Chief Executive Officer,4/4/2023 5:01,Texas,South,1943.0,1.0,1.0,117.24,"7,5","$21,427,700,000,000 ",88.2,101.8,78.5,9.6,36.6,328239523.0,37.09024,-95.712891
1647.0,1800.0,Finance & Investments,Brian Higgins,58.0,United States,New York,Hedge funds,Finance & Investments,United States,King Street Capital Management,True,E,M,2/8/1965 0:00,Higgins,Brian,Investor,4/4/2023 5:01,New York,Northeast,1965.0,2.0,8.0,117.24,"7,5","$21,427,700,000,000 ",88.2,101.8,78.5,9.6,36.6,328239523.0,37.09024,-95.712891
1647.0,1800.0,Technology,Olivier Pomel,46.0,United States,New York,Cloud computing,Technology,France,Datadog,True,D,M,3/26/1977 0:00,Pomel,Olivier,Cofounder,4/4/2023 5:01,New York,Northeast,1977.0,3.0,26.0,117.24,"7,5","$21,427,700,000,000 ",88.2,101.8,78.5,9.6,36.6,328239523.0,37.09024,-95.712891
1647.0,1800.0,Technology,Evan Williams,51.0,United States,San Francisco,Twitter,Technology,United States,Twitter,True,D,M,3/31/1972 0:00,Williams,Evan,Cofounder and Director,4/4/2023 5:01,California,West,1972.0,3.0,31.0,117.24,"7,5","$21,427,700,000,000 ",88.2,101.8,78.5,9.6,36.6,328239523.0,37.09024,-95.712891
1725.0,1700.0,Sports,Amy Adams Strunk,67.0,United States,Nashville,Tennessee Titans,Sports,United States,Tennessee Titans,False,N,F,9/29/1955 0:00,Adams Strunk,Amy,Owner,4/4/2023 5:01,Tennessee,South,1955.0,9.0,29.0,117.24,"7,5","$21,427,700,000,000 ",88.2,101.8,78.5,9.6,36.6,328239523.0,37.09024,-95.712891
1725.0,1700.0,Finance & Investments,Marc Andreessen,51.0,United States,Atherton,Venture capital investing,Finance & Investments,United States,Andreessen Horowitz,True,E,M,7/9/1971 0:00,Andreessen,Marc,Investor,4/4/2023 5:01,California,West,1971.0,7.0,9.0,117.24,"7,5","$21,427,700,000,000 ",88.2,101.8,78.5,9.6,36.6,328239523.0,37.09024,-95.712891
1725.0,1700.0,Finance & Investments,David Booth,77.0,United States,Austin,Mutual funds,Finance & Investments,United States,Dimensional Fund Advisors,True,E,M,1/1/1946 0:00,Booth,David,Chairman and CEO,4/4/2023 5:01,Texas,South,1946.0,1.0,1.0,117.24,"7,5","$21,427,700,000,000 ",88.2,101.8,78.5,9.6,36.6,328239523.0,37.09024,-95.712891
1725.0,1700.0,Technology,Jim Breyer,61.0,United States,Austin,Venture capital,Technology,United States,Breyer Capital,True,D,M,7/26/1961 0:00,Breyer,Jim,Investor,4/4/2023 5:01,Texas,South,1961.0,7.0,26.0,117.24,"7,5","$21,427,700,000,000 ",88.2,101.8,78.5,9.6,36.6,328239523.0,37.09024,-95.712891
1725.0,1700.0,Healthcare,Osman Kibar,52.0,United States,La Jolla,Biotech,Healthcare,United States,Samumed,True,D,M,4/1/1971 0:00,Kibar,Osman,"Founder, CEO",4/4/2023 5:01,California,West,1971.0,4.0,1.0,117.24,"7,5","$21,427,700,000,000 ",88.2,101.8,78.5,9.6,36.6,328239523.0,37.09024,-95.712891
1725.0,1700.0,Technology,Alexis Lê-Quôc,48.0,United States,New York,Cloud computing,Technology,United States,Datadog,True,D,M,11/14/1974 0:00,Lê-Quôc,Alexis,Cofounder,4/4/2023 5:01,New York,Northeast,1974.0,11.0,14.0,117.24,"7,5","$21,427,700,000,000 ",88.2,101.8,78.5,9.6,36.6,328239523.0,37.09024,-95.712891
1725.0,1700.0,Technology,Palmer Luckey,30.0,United States,Newport Beach,Virtual reality,Technology,United States,Oculus VR,True,N,M,9/19/1992 0:00,Luckey,Palmer,Entrepreneur,4/4/2023 5:01,California,West,1992.0,9.0,19.0,117.24,"7,5","$21,427,700,000,000 ",88.2,101.8,78.5,9.6,36.6,328239523.0,37.09024,-95.712891
1725.0,1700.0,Media & Entertainment,Brian Roberts,63.0,United States,Philadelphia,Comcast,Media & Entertainment,United States,Comcast,False,U,M,6/28/1959 0:00,Roberts,Brian,CEO,4/4/2023 5:01,Pennsylvania,Northeast,1959.0,6.0,28.0,117.24,"7,5","$21,427,700,000,000 ",88.2,101.8,78.5,'9.6',36.6,328239523.0,37.09024,-95.712891
1725.0,1700.0,Technology,David Zalik,49.0,United States,Atlanta,Financial technology,Technology,United States,GreenSky,True,D,M,2/2/1974 0:00,Zalik,David,CEO,4/4/2023 5:01,Georgia,South,1974.0,2.0,2.0,117.24,"7,5","$21,427,700,000,000 ",88.2,101.8,78.5,'9.6',36.6,328239523.0,37.09024,-95.712891
1804.0,1600.0,Finance & Investments, Louis Bacon,66.0,United States,Oyster Bay,Hedge funds,Finance & Investments,United States,"Moore Capital Management, LP",True,E,M,7/25/1956 0:00,Bacon,Louis,Founder,4/4/2023 5:01,New York,Northeast,1956.0,7.0,25.0,117.24,"7,5","$21,427,700,000,000 ",88.2,101.8,78.5,'9.6',36.6,328239523.0,37.09024,-95.712891
1804.0,1600.0,Finance & Investments,Jamie Dimon,67.0,United States,New York,Banking,Finance & Investments,United States,JPMorgan Chase & Co.,True,E,M,3/13/1956 0:00,Dimon,Jamie,CEO,4/4/2023 5:01,New York,Northeast,1956.0,3.0,13.0,117.24,"7,5","$21,427,700,000,000 ",88.2,101.8,78.5,'9.6',36.6,328239523.0,37.09024,-95.712891
1804.0,1600.0,Finance & Investments,Bill Gross,78.0,United States,Laguna Beach,Investments,Finance & Investments,United States,Pacific Investment Management Company LLC,True,E,M,4/13/1944 0:00,Gross,Bill,Cofounder and Co-Chief Investment Officer,4/4/2023 5:01,California,West,1944.0,4.0,13.0,117.24,"7,5","$21,427,700,000,000 ",88.2,101.8,78.5,'9.6',36.6,328239523.0,37.09024,-95.712891
1804.0,1600.0,Media & Entertainment,Stanley Hubbard,89.0,United States,St. Paul,DirecTV,Media & Entertainment,United States,"Hubbard Broadcasting, Inc.",False,D,M,5/28/1933 0:00,Hubbard,Stanley,Chairman and CEO,4/4/2023 5:01,Minnesota,Midwest,1933.0,5.0,28.0,117.24,"7,5","$21,427,700,000,000 ",88.2,101.8,78.5,'9.6',36.6,328239523.0,37.09024,-95.712891
1804.0,1600.0,Technology,Ryan Smith,44.0,United States,Provo,Cloud computing,Technology,United States,Qualtrics,True,E,M,6/28/1978 0:00,Smith,Ryan,Co-Founder & CEO,4/4/2023 5:01,Utah,West,1978.0,6.0,28.0,117.24,"7,5","$21,427,700,000,000 ",88.2,101.8,78.5,'9.6',36.6,328239523.0,37.09024,-95.712891
1905.0,1500.0,Technology,Safra Catz,61.0,United States,Redwood City,Software,Technology,United States,Oracle,True,E,F,12/13/1961 0:00,Catz,Safra,CEO,4/4/2023 5:01,California,South,1961.0,12.0,13.0,117.24,"7,5","$21,427,700,000,000 ",88.2,101.8,78.5,'9.6',36.6,328239523.0,37.09024,-95.712891
1905.0,1500.0,Technology,Bharat Desai,70.0,United States,Fisher Island,IT consulting,Technology,United States,Syntel,True,E,M,11/20/1952 0:00,Desai,Bharat,Chairman and Co-founder,4/4/2023 5:01,Florida,South,1952.0,11.0,20.0,117.24,"7,5","$21,427,700,000,000 ",88.2,101.8,78.5,'9.6',36.6,328239523.0,37.09024,-95.712891
1905.0,1500.0,Finance & Investments,Nelson Peltz,80.0,United States,Bedford,Investments,Finance & Investments,United States,Trian Fund Management,True,D,M,6/1/1942 0:00,Peltz,Nelson,Founder,4/4/2023 5:01,New York,Northeast,1942.0,6.0,1.0,117.24,"7,5","$21,427,700,000,000 ",88.2,101.8,78.5,'9.6',36.6,328239523.0,37.09024,-95.712891
1905.0,1500.0,Technology,Sheryl Sandberg,53.0,United States,Menlo Park,Facebook,Technology,United States,Meta Platforms,True,D,F,8/28/1969 0:00,Sandberg,Sheryl,COO,4/4/2023 5:01,California,West,1969.0,8.0,28.0,117.24,"7,5","$21,427,700,000,000 ",88.2,101.8,78.5,'9.6',36.6,328239523.0,37.09024,-95.712891
1905.0,1500.0,Media & Entertainment,Ben Silbermann,40.0,United States,San Francisco,Social media,Media & Entertainment,United States,Pinterest,True,U,M,7/14/1982 0:00,Silbermann,Ben,Cofounder,4/4/2023 5:01,California,West,1982.0,7.0,14.0,117.24,"7,5","$21,427,700,000,000 ",88.2,101.8,78.5,'9.6',36.6,328239523.0,37.09024,-95.712891
1905.0,1500.0,Technology,Kevin Systrom,39.0,United States,San Francisco,Instagram,Technology,United States,Instagram,True,E,M,12/30/1983 0:00,Systrom,Kevin,Cofounder,4/4/2023 5:01,California,West,1983.0,12.0,30.0,117.24,"7,5","$21,427,700,000,000 ",88.2,101.8,78.5,'9.6',36.6,328239523.0,37.09024,-95.712891
1905.0,1500.0,Healthcare,Jeff Tangney,50.0,United States,Palo Alto,Healthcare IT,Healthcare,United States,Doximity,True,D,M,8/9/1972 0:00,Tangney,Jeff,CEO,4/4/2023 5:01,California,West,1972.0,8.0,9.0,117.24,"7,5","$21,427,700,000,000 ",88.2,101.8,78.5,'9.6',36.6,328239523.0,37.09024,-95.712891
2020.0,1400.0,Finance & Investments,J. Christopher Flowers,65.0,United States,Palm Beach,Investments,Finance & Investments,United States,J.C. Flowers & Co. LLC,True,U,M,10/27/1957 0:00,Flowers,J. Christopher,Founder and Managing Director,4/4/2023 5:01,Florida,South,1957.0,10.0,27.0,117.24,"7,5","$21,427,700,000,000 ",88.2,101.8,78.5,'9.6',36.6,328339523.0,37.09024,-95.712891
2020.0,1400.0,Technology,Drew Houston,40.0,United States,Austin,Cloud storage service,Technology,United States,Dropbox,True,D,M,3/4/1983 0:00,Houston,Drew,CEO,4/4/2023 5:01,Texas,South,1983.0,3.0,4.0,117.24,"7,5","$21,427,700,000,000 ",88.2,101.8,78.5,'9.6',36.6,328239523.0,37.09024,-95.712891
2020.0,1400.0,Healthcare,David Paul,56.0,United States,Audubon,Medical devices,Healthcare,United States,Globus Medical,True,D,M,12/25/1966 0:00,Paul,David,Founder and Executive Chairman,4/4/2023 5:01,Pennsylvania,Northeast,1966.0,12.0,25.0,117.24,"7,5","$21,427,700,000,000 ",88.2,101.8,78.5,'9.6',36.6,328239523.0,37.09024,-95.712891
2133.0,1300.0,Technology,Stewart Butterfield,50.0,United States,Aspen,Messaging software,Technology,Canada,Slack,True,D,M,3/21/1973 0:00,Butterfield,Stewart,Cofounder and CEO,4/4/2023 5:01,Colorado,West,1973.0,3.0,21.0,117.24,"7,5","$21,427,700,000,000 ",88.2,101.8,78.5,'9.6',36.6,328239523.0,37.09024,-95.712891
2133.0,1300.0,Technology,Alexander Karp,55.0,United States,Palo Alto,Software firm,Technology,United States,Palantir Technologies,True,U,M,10/1/1967 0:00,Karp,Alexander,Cofounder and CEO,4/4/2023 5:01,California,West,1967.0,10.0,1.0,117.24,"7,5","$21,427,700,000,000 ",88.2,101.8,78.5,'9.6',36.6,328239523.0,37.09024,-95.712891
2133.0,1300.0,Healthcare,Joe Kiani,58.0,United States,Irvine,Medical devices,Healthcare,United States,Masimo,True,N,M,9/16/1964 0:00,Kiani,Joe,Chairman and CEO,4/4/2023 5:01,California,West,1964.0,9.0,16.0,117.24,"7,5","$21,427,700,000,000 ",88.2,101.8,78.5,'9.6',36.6,328239523.0,37.09024,-95.712891
2133.0,1300.0,Finance & Investments,Seth Klarman,65.0,United States,Chestnut Hill,Investments,Finance & Investments,United States,Baupost Group,True,D,M,5/1/1957 0:00,Klarman,Seth,Investor,4/4/2023 5:01,Massachusetts,Northeast,1957.0,5.0,1.0,117.24,"7,5","$21,427,700,000,000 ",88.2,101.8,78.5,'9.6',36.6,328239523.0,37.09024,-95.712891
2133.0,1300.0,Technology,Michael Krasny,69.0,United States,Highland Park,Retail,Technology,United States,Sawdust Investment Management Corp.,True,E,M,8/8/1953 0:00,Krasny,Michael,Investor,4/4/2023 5:01,Illinois,Midwest,1953.0,8.0,8.0,117.24,"7,5","$21,427,700,000,000 ",88.2,101.8,78.5,'9.6',36.6,328239523.0,37.09024,-95.712891
2259.0,1200.0,Fashion & Retail,Richard Hayne,75.0,United States,Philadelphia,Urban Outfitters,Fashion & Retail,United States,Urban Outfitters Inc.,True,E,M,9/1/1947 0:00,Hayne,Richard,"Chairman, President & Chief Executive Officer",4/4/2023 5:01,Pennsylvania,Northeast,1947.0,9.0,1.0,117.24,"7,5","$21,427,700,000,000 ",88.2,101.8,78.5,'9.6',36.6,328239523.0,37.09024,-95.712891
2259.0,1200.0,Technology,Orion Hindawi,43.0,United States,Seattle,Software,Technology,United States,Tanium,True,D,M,1/10/1980 0:00,Hindawi,Orion,CEO,4/4/2023 5:01,Washington,West,1980.0,1.0,10.0,117.24,"7,5","$21,427,700,000,000 ",88.2,101.8,78.5,'9.6',36.6,328239523.0,37.09024,-95.712891
2259.0,1200.0,Technology,Frederic Luddy,68.0,United States,San Diego,Software,Technology,United States,ServiceNow,True,D,M,11/24/1954 0:00,Luddy,Frederic,Founder and Chief Product Officer,4/4/2023 5:01,California,West,1954.0,11.0,24.0,117.24,"7,5","$21,427,700,000,000 ",88.2,101.8,78.5,'9.6',36.6,328239523.0,37.09024,-95.712891
2259.0,1200.0,Technology,Mark Pincus,57.0,United States,San Francisco,0nline games,Technology,United States,Zynga Inc,True,D,M,2/13/1966 0:00,Pincus,Mark,Chairman,4/4/2023 5:01,California,West,1966.0,2.0,13.0,117.24,"7,5","$21,427,700,000,000 ",88.2,101.8,78.5,'9.6',36.6,328239523.0,37.09024,-95.712891
2405.0,1100.0,Fashion & Retail,Sara Blakely,52.0,United States,Atlanta,Spanx,Fashion & Retail,United States,Spanx,True,E,F,2/27/1971 0:00,Blakely,Sara,Founder,4/4/2023 5:01,Georgia,South,1971.0,2.0,27.0,117.24,"7,5","$21,427,700,000,000 ",88.2,101.8,78.5,'9.6',36.6,328239523.0,37.09024,-95.712891
2405.0,1100.0,Finance & Investments,Lloyd Blankfein,68.0,United States,New York,Banking,Finance & Investments,United States,Goldman Sachs Group,True,E,M,9/20/1954 0:00,Blankfein,Lloyd,CEO,4/4/2023 5:01,New York,Northeast,1954.0,9.0,20.0,117.24,"7,5","$21,427,700,000,000 ",88.2,101.8,78.5,'9.6',36.6,328239523.0,37.09024,-95.712891
2405.0,1100.0,Technology,Ryan Breslow,28.0,United States,Miami,E-commerce software,Technology,United States,Bolt,True,D,M,5/20/1994 0:00,Breslow,Ryan,Cofounder,4/4/2023 5:01,Florida,South,1994.0,5.0,20.0,117.24,"7,5","$21,427,700,000,000 ",88.2,101.8,78.5,'9.6',36.6,328239523.0,37.09024,-95.712891
2405.0,1100.0,Technology,Weili Dai,61.0,United States,Las Vegas,Semiconductors,Technology,United States,Marvell Technology Group Ltd.,True,D,F,9/14/1961 0:00,Dai,Weili,Cofounder-President,4/4/2023 5:01,Nevada,West,1961.0,9.0,14.0,117.24,"7,5","$21,427,700,000,000 ",88.2,101.8,78.5,'9.6',36.6,328239523.0,37.09024,-95.712891
2405.0,1100.0,Fashion & Retail,Robert Fisher,69.0,United States,San Francisco,Gap,Fashion & Retail,United States,Gap Inc.,False,D,M,8/1/1953 0:00,Fisher,Robert,Chairman of the Board,4/4/2023 5:01,California,West,1953.0,8.0,1.0,117.24,"7,5","$21,427,700,000,000 ",88.2,101.8,78.5,'9.6',36.6,328239523.0,37.09024,-95.712891
2405.0,1100.0,Technology,David Hindawi,78.0,United States,Seattle,Software,Technology,United States,Tanium,True,D,M,12/8/1944 0:00,Hindawi,David,Executive Chairman,4/4/2023 5:01,Washington,West,1944.0,12.0,8.0,117.24,"7,5","$21,427,700,000,000 ",88.2,101.8,78.5,'9.6',36.6,328239523.0,37.09024,-95.712891
2405.0,1100.0,Fashion & Retail,Kevin Plank,50.0,United States,Lutherville-Timonium,Under Armour,Fashion & Retail,United States,Under Armour,True,D,M,8/13/1972 0:00,Plank,Kevin,Chairman and CEO,4/4/2023 5:01,Maryland,South,1972.0,8.0,13.0,117.24,"7,5","$21,427,700,000,000 ",88.2,101.8,78.5,'9.6',36.6,328239523.0,37.09024,-95.712891
2405.0,1100.0,Sports,Tiger Woods,47.0,United States,Jupiter Island,Golf,Sports,United States,PGA,True,N,M,12/30/1975 0:00,Woods,Tiger,Athlete,4/4/2023 5:01,Florida,South,1975.0,12.0,30.0,117.24,"7,5","$21,427,700,000,000 ",88.2,101.8,78.5,'9.6',36.6,328239523.0,37.09024,-95.712891
2540.0,1000.0,Fashion & Retail,William Fisher,66.0,United States,San Francisco,Gap,Fashion & Retail,United States,Gap Inc.,False,D,M,4/1/1957 0:00,Fisher,William,Director,4/4/2023 5:01,California,West,1957.0,4.0,1.0,117.24,"7,5","$21,427,700,000,000 ",88.2,101.8,78.5,'9.6',36.6,328239523.0,37.09024,-95.712891
2540.0,1000.0,Sports,LeBron James,38.0,United States,Los Angeles,Basketball,Sports,United States,NBA,True,N,M,12/30/1984 0:00,James,LeBron,Athlete,4/4/2023 5:01,California,West,1984.0,12.0,30.0,117.24,"7,5","$21,427,700,000,000 ",88.2,101.8,78.5,'9.6',36.6,328239523.0,37.09024,-95.712891
2540.0,1000.0,Technology,Apoorva Mehta,36.0,United States,San Francisco,Grocery delivery service,Technology,Canada,Instacart,True,D,M,7/19/1986 0:00,Mehta,Apoorva,Founder,4/4/2023 5:01,California,West,1986.0,7.0,19.0,117.24,"7,5","$21,427,700,000,000 ",88.2,101.8,78.5,'9.6',36.6,328239523.0,37.09024,-95.712891
2540.0,1000.0,Media & Entertainment,Tyler Perry,53.0,United States,Atlanta,"Movies, television",Media & Entertainment,United States,Television,True,E,M,9/14/1969 0:00,Perry,Tyler,Director,4/4/2023 5:01,Georgia,South,1969.0,9.0,14.0,117.24,"7,5","$21,427,700,000,000 ",88.2,101.8,78.5,'9.6',36.6,328239523.0,37.09024,-95.712891
